CustomerId,VatcoCode,ClientCode,Name,Address,Phone,Coverage,OfficeType,Lat,Lng,From,Until,HasKits,HasKeys,HasEnvelopes,HasCheques,HasDocuments,IsFund,SucursalId,CityId,Manager,ManagerDetails,ManagerEmail,BusinessTypeId
1,1,1,Fondo CE Bancolombia BOG,Calle 98A No.69B - 65 ,N/A,0,1,4.692085,-74.07601,2020-06-15T04:51:26.214Z,0001-01-01T04:51:26.214Z,0,0,0,0,0,1,1,604,N/A,N/A,N/A,null
1,2,2,Fondo CE Bancolombia MDE,N/A,N/A,0,1,0,0,2020-06-15T04:51:26.214Z,0001-01-01T04:51:26.214Z,0,0,0,0,0,1,2,754,N/A,N/A,N/A,null
1,3,3,Fondo CE Bancolombia CTG,Avenida Crisanto Luque Diag. 22C # 42 - 44 Barrio El Bosque,N/A,0,1,10.402787,-75.519555,2020-06-15T04:51:26.214Z,0001-01-01T04:51:26.214Z,0,0,0,0,0,1,3,605,N/A,N/A,N/A,null
2,1,1,Fondo En Transito CE Efecty BOG,Calle 98A No.69B - 65 ,N/A,0,1,4.692085,-74.07601,2020-06-15T04:51:26.214Z,0001-01-01T04:51:26.214Z,0,0,0,0,0,1,1,604,N/A,N/A,N/A,null
2,2,2,Fondo En Transito CE Efecty MDE,N/A,N/A,0,1,0,0,2020-06-15T04:51:26.214Z,0001-01-01T04:51:26.214Z,0,0,0,0,0,1,2,754,N/A,N/A,N/A,null
2,40,40,Consignación Davivienda,Oficina Bancaria,N/A,0,1,0,0,2020-06-15T04:51:26.214Z,0001-01-01T04:51:26.214Z,0,0,0,0,0,0,1,604,N/A,N/A,N/A,null
2,41,41,Traslado TVS,Transportadora de Valores,N/A,0,1,0,0,2020-06-15T04:51:26.214Z,0001-01-01T04:51:26.214Z,0,0,0,0,0,0,1,604,N/A,N/A,N/A,null
2,42,42,Consignación Av Villas,Oficina Bancaria,N/A,0,1,4.604873,-74.183547,2020-06-15T04:51:26.214Z,0001-01-01T04:51:26.214Z,0,0,0,0,0,0,1,604,N/A,N/A,N/A,null
2,51,903984,C.C.PLAZA CENTRAL,CARRERA 65 # 11 - 50   PISO 2,N/A,0,1,4.632017,-74.115543,2020-06-15T04:51:26.214Z,0001-01-01T04:51:26.214Z,0,0,0,0,0,0,1,604,N/A,N/A,N/A,null
2,52,903459,LA TRINIDAD CR 60,CR 60 # 4 D - 45,N/A,0,1,4.624469,-74.118529,2020-06-15T04:51:26.214Z,0001-01-01T04:51:26.214Z,0,0,0,0,0,0,1,604,N/A,N/A,N/A,null
2,53,902993,C COMERCIAL CIPRES,AK 50 - 22 - 41,N/A,0,1,4.636528,-74.100052,2020-06-15T04:51:26.214Z,0001-01-01T04:51:26.214Z,0,0,0,0,0,0,1,604,N/A,N/A,N/A,null
2,54,903100,FONTIBON PLAZA,CALLE 16F # 103C - 20,N/A,0,1,4.672535,-74.150675,2020-06-15T04:51:26.214Z,0001-01-01T04:51:26.214Z,0,0,0,0,0,0,1,604,N/A,N/A,N/A,null
2,55,902344,TELECOMUNICACIONES CALLE 56A,CALLE 56 A- 78K - 33 SUR,N/A,0,1,4.610425,-74.172639,2020-06-15T04:51:26.214Z,0001-01-01T04:51:26.214Z,0,0,0,0,0,0,1,604,N/A,N/A,N/A,null
2,56,904062,BOSA CL 59 SUR,CL 59 SUR # 80 G - 12,N/A,0,1,4.611034,-74.181952,2020-06-15T04:51:26.214Z,0001-01-01T04:51:26.214Z,0,0,0,0,0,0,1,604,N/A,N/A,N/A,null
2,57,904140,BOSA REMANSO TV 88 SUR,TV 88 B BIS #72 - 38 SUR,N/A,0,1,4.622661,-74.199301,2020-06-15T04:51:26.214Z,0001-01-01T04:51:26.214Z,0,0,0,0,0,0,1,604,N/A,N/A,N/A,null
2,58,903953,FONTIBON ALAMEDA,CALLE 17 D # 137 - 03,N/A,0,1,4.685395,-74.155315,2020-06-15T04:51:26.214Z,0001-01-01T04:51:26.214Z,0,0,0,0,0,0,1,604,N/A,N/A,N/A,null
2,59,904265,JAQUELIN CR 77 Y SUR,CR 77 Y # 47 B - 22 SUR,N/A,0,1,4.609523,-74.164182,2020-06-15T04:51:26.214Z,0001-01-01T04:51:26.214Z,0,0,0,0,0,0,1,604,N/A,N/A,N/A,null
2,60,903541,PRIMAVERA OCCIDENTAL  CL 3 B,CL 3 B # 41 - 15,N/A,0,1,4.615722,-74.111766,2020-06-15T04:51:26.214Z,0001-01-01T04:51:26.214Z,0,0,0,0,0,0,1,604,N/A,N/A,N/A,null
2,61,903986,PUENTE ARANDA CALLE 17 T,CALLE 17 # 56 - 35,N/A,0,1,4.632828,-74.108636,2020-06-15T04:51:26.214Z,0001-01-01T04:51:26.214Z,0,0,0,0,0,0,1,604,N/A,N/A,N/A,null
2,62,903829,ZONA FRANCA ZF TOWERS,CALLE 13 # 108 A - 85 MANZANA 23 LOTE 135A,N/A,0,1,4.67514,-74.154934,2020-06-15T04:51:26.214Z,0001-01-01T04:51:26.214Z,0,0,0,0,0,0,1,604,N/A,N/A,N/A,null
2,63,902532,DIMONEX DG 72 SUR,DG 72 # 18 L 06 SUR,N/A,0,1,4.546689,-74.148122,2020-06-15T04:51:26.214Z,0001-01-01T04:51:26.214Z,0,0,0,0,0,0,1,604,N/A,N/A,N/A,null
2,64,998613,FONTIBON CRA 110,CARRERA 110 # 23 C - 36,N/A,0,1,4.69866,-74.129204,2020-06-15T04:51:26.214Z,0001-01-01T04:51:26.214Z,0,0,0,0,0,0,1,604,N/A,N/A,N/A,null
2,65,903615,FONTIBON VERACRUZ CALLE 23 B,CRA 103 BIS # 23 B 58 LOCAL 1,N/A,0,1,4.681282,-74.138562,2020-06-15T04:51:26.214Z,0001-01-01T04:51:26.214Z,0,0,0,0,0,0,1,604,N/A,N/A,N/A,null
2,66,902567,KENNEDY ALFONZO LOPEZ,CALLE 53 A SUR 80 A - 11,N/A,0,1,4.616488,-74.173943,2020-06-15T04:51:26.214Z,0001-01-01T04:51:26.214Z,0,0,0,0,0,0,1,604,N/A,N/A,N/A,null
2,67,903733,LA IGUALDAD CALLE 2,CALLE 2 # 68 F - 20,N/A,0,1,4.623129,-74.132208,2020-06-15T04:51:26.214Z,0001-01-01T04:51:26.214Z,0,0,0,0,0,0,1,604,N/A,N/A,N/A,null
2,68,901984,SAN EUSEBIO CARRERA 52,CARRERA 52 # 22 - 30 SUR,N/A,0,1,4.602808,-74.128587,2020-06-15T04:51:26.214Z,0001-01-01T04:51:26.214Z,0,0,0,0,0,0,1,604,N/A,N/A,N/A,null
2,69,995073,SERVIENTREGA CIUDAD SALITRE CALLE 24,AVENIDA CALLE 24 N° 69B-65,N/A,0,1,4.656649,-74.112894,2020-06-15T04:51:26.214Z,0001-01-01T04:51:26.214Z,0,0,0,0,0,0,1,604,N/A,N/A,N/A,null
2,70,993703,VENECIA CRA 54,CARRERA 54 NO. 45A-19,N/A,0,1,4.594697,-74.141037,2020-06-15T04:51:26.214Z,0001-01-01T04:51:26.214Z,0,0,0,0,0,0,1,604,N/A,N/A,N/A,null
2,71,903952,CIUDAD DE CALI CL 42 SUR,CL 42 A # 87 H - SUR -16,N/A,0,1,4.631115,-74.167244,2020-06-15T04:51:26.214Z,0001-01-01T04:51:26.214Z,0,0,0,0,0,0,1,604,N/A,N/A,N/A,null
2,72,904381,LAS FLORES DG 38 SUR.,DG 38 SUR # 80 H - 12 LOCAL 331 A,N/A,0,1,4.633393,-74.157251,2020-06-15T04:51:26.214Z,0001-01-01T04:51:26.214Z,0,0,0,0,0,0,1,604,N/A,N/A,N/A,null
2,73,903449,MADELENA DG 62 SUR,DG 62 # 68 B - 20 SUR,N/A,0,1,4.590701,-74.159006,2020-06-15T04:51:26.214Z,0001-01-01T04:51:26.214Z,0,0,0,0,0,0,1,604,N/A,N/A,N/A,null
2,74,903004,BOLIVIA DG 86 A,DG 86 A N 103 D 63,N/A,0,1,4.72276,-74.109928,2020-06-15T04:51:26.214Z,0001-01-01T04:51:26.214Z,0,0,0,0,0,0,1,604,N/A,N/A,N/A,null
2,75,904810,BOSA PORTADA II,CALLE 58 A SUR # 88 H - 38,N/A,0,1,4.628073,-74.19051,2020-06-15T04:51:26.214Z,0001-01-01T04:51:26.214Z,0,0,0,0,0,0,1,604,N/A,N/A,N/A,null
2,76,902859,BRITALIA CALLE 44,CALLE 44 SUR  - 81D  - 05,N/A,0,1,4.626257,-74.171946,2020-06-15T04:51:26.214Z,0001-01-01T04:51:26.214Z,0,0,0,0,0,0,1,604,N/A,N/A,N/A,null
2,77,903418,EL RUBI CL 58,CALLE 58 SUR # 78 J - 10,N/A,0,1,4.607679,-74.175425,2020-06-15T04:51:26.214Z,0001-01-01T04:51:26.214Z,0,0,0,0,0,0,1,604,N/A,N/A,N/A,null
2,78,902809,LOS LAURELES CR 80P SUR,CRA 80 P N 75 - 61 SUR,N/A,0,1,4.651169,-74.140727,2020-06-15T04:51:26.214Z,0001-01-01T04:51:26.214Z,0,0,0,0,0,0,1,604,N/A,N/A,N/A,null
2,79,902680,MARSELLA CRA 69B,CRA 69B - 4 - 21 LOCAL 3,N/A,0,1,4.626645,-74.129179,2020-06-15T04:51:26.214Z,0001-01-01T04:51:26.214Z,0,0,0,0,0,0,1,604,N/A,N/A,N/A,null
2,80,903785,TIERRA BUENA PATIO BONITO,CARRERA 97 F # 34 A - 30 SUR ET 1 LC 2,N/A,0,1,4.64965,-74.171946,2020-06-15T04:51:26.214Z,0001-01-01T04:51:26.214Z,0,0,0,0,0,0,1,604,N/A,N/A,N/A,null
2,81,903639,AV BOYACA CON CL 95,CALLE 95 # 71 - 87 LC 1,N/A,0,1,4.696821,-74.084001,2020-06-15T04:51:26.214Z,0001-01-01T04:51:26.214Z,0,0,0,0,0,0,1,604,N/A,N/A,N/A,null
2,82,904485,ALAMOS CLL 64 CON 97,CALLE 64G # 97B - 21,N/A,0,1,4.6941,-74.121906,2020-06-15T04:51:26.214Z,0001-01-01T04:51:26.214Z,0,0,0,0,0,0,1,604,N/A,N/A,N/A,null
2,83,904005,AV. CL 80 CON 114,CALLE 80 # 114 - 45,N/A,0,1,4.721528,-74.120957,2020-06-15T04:51:26.214Z,0001-01-01T04:51:26.214Z,0,0,0,0,0,0,1,604,N/A,N/A,N/A,null
2,84,903601,CHUNIZA CL 89 SUR,CL 89 N 6 A - 25 SUR,N/A,0,1,4.504633,-74.108329,2020-06-15T04:51:26.214Z,0001-01-01T04:51:26.214Z,0,0,0,0,0,0,1,604,N/A,N/A,N/A,null
2,85,904647,CIUDAD MONTES LA 10,CALLE 8 SUR #35 A - 23 LC 1,N/A,0,1,4.575437,-74.094831,2020-06-15T04:51:26.214Z,0001-01-01T04:51:26.214Z,0,0,0,0,0,0,1,604,N/A,N/A,N/A,null
2,86,904268,ENGATIVA CRA 110,CRA 110 # 72 - 38,N/A,0,1,4.704245,-74.128234,2020-06-15T04:51:26.214Z,0001-01-01T04:51:26.214Z,0,0,0,0,0,0,1,604,N/A,N/A,N/A,null
2,87,904722,LA CLARITA,CRA 84 A # 69 A - 20,N/A,0,1,4.692528,-74.106912,2020-06-15T04:51:26.214Z,0001-01-01T04:51:26.214Z,0,0,0,0,0,0,1,604,N/A,N/A,N/A,null
2,88,904404,LAS MERCEDES CALLE 152B,CALLE 152B #114A - 9,N/A,0,1,4.73912,-74.063195,2020-06-15T04:51:26.214Z,0001-01-01T04:51:26.214Z,0,0,0,0,0,0,1,604,N/A,N/A,N/A,null
2,89,904573,SAN IGNACIO CRA 76,DG 47 # 76 - 04,N/A,0,1,4.672495,-74.113208,2020-06-15T04:51:26.214Z,0001-01-01T04:51:26.214Z,0,0,0,0,0,0,1,604,N/A,N/A,N/A,null
2,90,904717,SUBA RINCON CR 93 ESQUINA,CARRERA 93 # 128 A - 24,N/A,0,1,4.726961,-74.09019,2020-06-15T04:51:26.214Z,0001-01-01T04:51:26.214Z,0,0,0,0,0,0,1,604,N/A,N/A,N/A,null
2,91,904412,SUBA VILLA HERMOSA CLL 158,Cñl. 158 # 101 - 12,N/A,0,1,4.757255,-74.087276,2020-06-15T04:51:26.214Z,0001-01-01T04:51:26.214Z,0,0,0,0,0,0,1,604,N/A,N/A,N/A,null
2,92,903216,TABORA CRA 80,CRA 80 # 73 - 42,N/A,0,1,4.693898,-74.100475,2020-06-15T04:51:26.214Z,0001-01-01T04:51:26.214Z,0,0,0,0,0,0,1,604,N/A,N/A,N/A,null
2,93,904688,VILLA LUZ CLL 63 CON 77 A,AV CLL 63 # 77 A - 55,N/A,0,1,4.682506,-74.106465,2020-06-15T04:51:26.214Z,0001-01-01T04:51:26.214Z,0,0,0,0,0,0,1,604,N/A,N/A,N/A,null
2,94,903194,VILLA LUZ CRA 80,CR 80 # 66 - 34,N/A,0,1,4.687629,-74.106321,2020-06-15T04:51:26.214Z,0001-01-01T04:51:26.214Z,0,0,0,0,0,0,1,604,N/A,N/A,N/A,null
2,95,902405,CANDELARIA LA NUEVA CLL 68 SUR,CLL 68 A SUR N 49 - 35,N/A,0,1,4.581031,-74.157567,2020-06-15T04:51:26.214Z,0001-01-01T04:51:26.214Z,0,0,0,0,0,0,1,604,N/A,N/A,N/A,null
2,96,902350,CRA 113 VILLAS DE GRANADA,CR 113 #73B - 25,N/A,0,1,4.715687,-74.126606,2020-06-15T04:51:26.214Z,0001-01-01T04:51:26.214Z,0,0,0,0,0,0,1,604,N/A,N/A,N/A,null
2,97,903116,LA ESPAÑOLA AV CL 80,AV CALLE 80 # 85 - 32,N/A,0,1,4.702612,-74.100082,2020-06-15T04:51:26.214Z,0001-01-01T04:51:26.214Z,0,0,0,0,0,0,1,604,N/A,N/A,N/A,null
2,98,902173,LA GLORIA CR 11 SUR,CR 11 ESTE # 42  - 35 SUR  LOCAL 101,N/A,0,1,4.546592,-74.087268,2020-06-15T04:51:26.214Z,0001-01-01T04:51:26.214Z,0,0,0,0,0,0,1,604,N/A,N/A,N/A,null
2,99,903463,LAS FLORES CLL 114,CLL 114 # 67 - 04,N/A,0,1,4.695846,-74.069019,2020-06-15T04:51:26.214Z,0001-01-01T04:51:26.214Z,0,0,0,0,0,0,1,604,N/A,N/A,N/A,null
2,100,903190,LUCERO CRA 17 F SUR,CR 17 F # 66 A - 33 SUR,N/A,0,1,4.54298,-74.139246,2020-06-15T04:51:26.214Z,0001-01-01T04:51:26.214Z,0,0,0,0,0,0,1,604,N/A,N/A,N/A,null
2,101,994518,PALOQUEMAO AV 19,CALLE 19  NO 21-89,N/A,0,1,4.614187,-74.083591,2020-06-15T04:51:26.214Z,0001-01-01T04:51:26.214Z,0,0,0,0,0,0,1,604,N/A,N/A,N/A,null
2,102,903965,SAN ISIDRO III,CL 3 SUR #7 A – 11,N/A,0,1,4.583588,-74.084201,2020-06-15T04:51:26.214Z,0001-01-01T04:51:26.214Z,0,0,0,0,0,0,1,604,N/A,N/A,N/A,null
2,103,903240,SAN JOSE CL 70 A BIS,CL 70 A BIS A # 116 B - 16,N/A,0,1,4.714734,-74.135016,2020-06-15T04:51:26.214Z,0001-01-01T04:51:26.214Z,0,0,0,0,0,0,1,604,N/A,N/A,N/A,null
2,104,902210,SOTAVENTO CLL 73 SUR,CLLE 73 A  SUR # 16 F - 28,N/A,0,1,4.544527,-74.137361,2020-06-15T04:51:26.214Z,0001-01-01T04:51:26.214Z,0,0,0,0,0,0,1,604,N/A,N/A,N/A,null
2,105,902686,SUBA BOCHALEMA CRA 103 A,CRA 103 A # 141 - 15,N/A,0,1,4.735068,-74.098319,2020-06-15T04:51:26.214Z,0001-01-01T04:51:26.214Z,0,0,0,0,0,0,1,604,N/A,N/A,N/A,null
2,106,903623,TORRES DE SUBA CLL 139,CLL 139# 103 F 69 LOCAL 6 CC TORRES DE SUBA,N/A,0,1,4.741421,-74.098336,2020-06-15T04:51:26.214Z,0001-01-01T04:51:26.214Z,0,0,0,0,0,0,1,604,N/A,N/A,N/A,null
2,107,902900,ALCALA CL 35 SUR,CL 35 SUR # 52 – 84,N/A,0,1,4.603463,-74.129198,2020-06-15T04:51:26.214Z,0001-01-01T04:51:26.214Z,0,0,0,0,0,0,1,604,N/A,N/A,N/A,null
2,108,903897,SANTANDER CRA 29 A,CRA 29 A # 26 - 16 SUR,N/A,0,1,4.591411,-74.111502,2020-06-15T04:51:26.214Z,0001-01-01T04:51:26.214Z,0,0,0,0,0,0,1,604,N/A,N/A,N/A,null
2,109,902256,EL SALITRE CRA 99,CRA 99 # 155 - 31,N/A,0,1,4.754774,-74.086362,2020-06-15T04:51:26.214Z,0001-01-01T04:51:26.214Z,0,0,0,0,0,0,1,604,N/A,N/A,N/A,null
2,110,903420,GUATIQUIA CR 47 SUR,CR 47 N 59 A 36 SUR,N/A,0,1,4.576639,-74.153163,2020-06-15T04:51:26.214Z,0001-01-01T04:51:26.214Z,0,0,0,0,0,0,1,604,N/A,N/A,N/A,null
2,111,903066,ISLA DEL SOL CRA 64,CRA 64 # 62 C 94 SUR,N/A,0,1,4.590687,-74.155296,2020-06-15T04:51:26.214Z,0001-01-01T04:51:26.214Z,0,0,0,0,0,0,1,604,N/A,N/A,N/A,null
2,112,901964,VELODROMO CR 6,CR 6 # 15 - 74 SUR LC SUR,N/A,0,1,4.601854,-74.071899,2020-06-15T04:51:26.214Z,0001-01-01T04:51:26.214Z,0,0,0,0,0,0,1,604,N/A,N/A,N/A,null
2,113,999663,VILLA AMALIA,AV CL 72 # 107 - 15,N/A,0,1,4.708891,-74.122567,2020-06-15T04:51:26.214Z,0001-01-01T04:51:26.214Z,0,0,0,0,0,0,1,604,N/A,N/A,N/A,null
2,114,991980,20 DE JULIO IGLESIA,CARRERA 5 A # 27 - 18 SUR,N/A,0,1,4.56886,-74.094577,2020-06-15T04:51:26.214Z,0001-01-01T04:51:26.214Z,0,0,0,0,0,0,1,604,N/A,N/A,N/A,null
2,115,993520,20 DE JULIO ZONA BANCARIA,CL 22 SUR # 6 - 16,N/A,0,1,4.571453,-74.093062,2020-06-15T04:51:26.214Z,0001-01-01T04:51:26.214Z,0,0,0,0,0,0,1,604,N/A,N/A,N/A,null
2,116,903044,ACACIA CL 65 SUR,CL 65 SUR # 20 A 14,N/A,0,1,4.562767,-74.146631,2020-06-15T04:51:26.214Z,0001-01-01T04:51:26.214Z,0,0,0,0,0,0,1,604,N/A,N/A,N/A,null
2,117,905044,ACOPIO BITROIL,AV BOYACA 35 - 30 SUR,N/A,0,1,4.616241,-74.140556,2020-06-15T04:51:26.214Z,0001-01-01T04:51:26.214Z,0,0,0,0,0,0,1,604,N/A,N/A,N/A,null
2,118,904591,ACUARELA II,CALLE 3 # 69 - 29,N/A,0,1,4.624933,-74.128941,2020-06-15T04:51:26.214Z,0001-01-01T04:51:26.214Z,0,0,0,0,0,0,1,604,N/A,N/A,N/A,null
2,119,901913,AUTOPISTA CON CRA 45,CRA 45 # 162 - 38,N/A,0,1,4.743437,-74.047302,2020-06-15T04:51:26.214Z,0001-01-01T04:51:26.214Z,0,0,0,0,0,0,1,604,N/A,N/A,N/A,null
2,120,902064,BATAN CLL 122,CARRERA 47 # 123A -26 FRENTE COLSUBSIDIO BATAN,N/A,0,1,4.704788,-74.056406,2020-06-15T04:51:26.214Z,0001-01-01T04:51:26.214Z,0,0,0,0,0,0,1,604,N/A,N/A,N/A,null
2,121,903747,DIMONEX GUACAMAYAS CR 2 SUR,CR 2 A # 37 B - 04 SUR,N/A,0,1,4.555444,-74.097453,2020-06-15T04:51:26.214Z,0001-01-01T04:51:26.214Z,0,0,0,0,0,0,1,604,N/A,N/A,N/A,null
2,122,903649,TUVISA.COM.CO,CRA 50 # 24-40,N/A,0,1,4.637989,-74.097089,2020-06-15T04:51:26.214Z,0001-01-01T04:51:26.214Z,0,0,0,0,0,0,1,604,N/A,N/A,N/A,null
2,123,904243,AUTOPISTA NORTE 106,AV CR 45 # 106 - 25,N/A,0,1,4.694338,-74.056633,2020-06-15T04:51:26.214Z,0001-01-01T04:51:26.214Z,0,0,0,0,0,0,1,604,N/A,N/A,N/A,null
2,124,904096,AV CL 72 CON CR 21,AV CL 72 # 21- 26,N/A,0,1,4.662137,-74.065403,2020-06-15T04:51:26.214Z,0001-01-01T04:51:26.214Z,0,0,0,0,0,0,1,604,N/A,N/A,N/A,null
2,125,903973,CARDIO INFANTIL CL 163A,CALLE 163 A # 12 B - 22,N/A,0,1,4.740818,-74.032746,2020-06-15T04:51:26.214Z,0001-01-01T04:51:26.214Z,0,0,0,0,0,0,1,604,N/A,N/A,N/A,null
2,126,905143,CASTILLA CRA 78_,CARRERA 78 # 8-70 LC 2,N/A,0,1,4.639101,-74.141291,2020-06-15T04:51:26.214Z,0001-01-01T04:51:26.214Z,0,0,0,0,0,0,1,604,N/A,N/A,N/A,null
2,127,904459,CIUDAD BERNA CRA 10,CRA 10 # 8 - 41 SUR,N/A,0,1,4.597645,-74.079454,2020-06-15T04:51:26.214Z,0001-01-01T04:51:26.214Z,0,0,0,0,0,0,1,604,N/A,N/A,N/A,null
2,128,902312,CODITO KR 4,CARRERA 4 # 188 - 64,N/A,0,1,4.765295,-74.023933,2020-06-15T04:51:26.214Z,0001-01-01T04:51:26.214Z,0,0,0,0,0,0,1,604,N/A,N/A,N/A,null
2,129,903983,CODITO KR 6A,CARRERA 6A # 189 A - 19,N/A,0,1,4.693989,-74.031929,2020-06-15T04:51:26.214Z,0001-01-01T04:51:26.214Z,0,0,0,0,0,0,1,604,N/A,N/A,N/A,null
2,130,905092,CRESS ELEMENTOS CLL 26,AC 26 # 69 - 76 LC 1 TO 1,N/A,0,1,4.659447,-74.106497,2020-06-15T04:51:26.214Z,0001-01-01T04:51:26.214Z,0,0,0,0,0,0,1,604,N/A,N/A,N/A,null
2,131,903946,JOSE JOAQUIN VARGAS CRA 61,CLL 66 C  # 61 - 29 LC 105,N/A,0,1,4.669263,-74.085073,2020-06-15T04:51:26.214Z,0001-01-01T04:51:26.214Z,0,0,0,0,0,0,1,604,N/A,N/A,N/A,null
2,132,904564,LOS ANGELES  CLL 70,CLL 70 # 97 - 85 LC 6,N/A,0,1,4.699456,-74.117634,2020-06-15T04:51:26.214Z,0001-01-01T04:51:26.214Z,0,0,0,0,0,0,1,604,N/A,N/A,N/A,null
2,133,903751,MUZU ORIENTAL,CARRRA 39 A # 35 - 16 SUR,N/A,0,1,4.595728,-74.12225,2020-06-15T04:51:26.214Z,0001-01-01T04:51:26.214Z,0,0,0,0,0,0,1,604,N/A,N/A,N/A,null
2,134,904778,PLAZA AVENTURA CLL 130,CALLE 130 # 58 - 20 LOCAL L4-35,N/A,0,1,4.719974,-74.068381,2020-06-15T04:51:26.214Z,0001-01-01T04:51:26.214Z,0,0,0,0,0,0,1,604,N/A,N/A,N/A,null
2,135,904336,PRADO CALLE 132,CALLE 132 # 51 - 30,N/A,0,1,4.718749,-74.057554,2020-06-15T04:51:26.214Z,0001-01-01T04:51:26.214Z,0,0,0,0,0,0,1,604,N/A,N/A,N/A,null
2,136,904720,QUINTA CAMACHO CRA 11,CARRERA 11 # 71 - 40,N/A,0,1,4.656562,-74.059212,2020-06-15T04:51:26.214Z,0001-01-01T04:51:26.214Z,0,0,0,0,0,0,1,604,N/A,N/A,N/A,null
2,137,904970,SAN BERNANDINO CR 100 A,CR 100 A # 61 - 15 SUR MZ 6 CASA 173,N/A,0,1,4.638286,-74.1987,2020-06-15T04:51:26.214Z,0001-01-01T04:51:26.214Z,0,0,0,0,0,0,1,604,N/A,N/A,N/A,null
2,138,903972,SAN JOSE DEL PRADO CRA 45,CALLE 137 # 45A 15,N/A,0,1,4.722331,-74.052003,2020-06-15T04:51:26.214Z,0001-01-01T04:51:26.214Z,0,0,0,0,0,0,1,604,N/A,N/A,N/A,null
2,139,904736,SAN PEDRO CR 87 C SUR,CR 87 C # 68 A - 16 SUR LOCAL 3,N/A,0,1,4.621674,-74.193666,2020-06-15T04:51:26.214Z,0001-01-01T04:51:26.214Z,0,0,0,0,0,0,1,604,N/A,N/A,N/A,null
2,140,991875,BONANZA AV CRA 70,AVENIDA CRA 70 No 75 81,N/A,0,1,4.688139,-74.088684,2020-06-15T04:51:26.214Z,0001-01-01T04:51:26.214Z,0,0,0,0,0,0,1,604,N/A,N/A,N/A,null
2,141,903638,BONANZA CL. 79 B,CALLE 79 B # 71 - 04,N/A,0,1,4.693791,-74.088086,2020-06-15T04:51:26.214Z,0001-01-01T04:51:26.214Z,0,0,0,0,0,0,1,604,N/A,N/A,N/A,null
2,142,903635,BOSA BRASIL CALLE 56 SUR,CLLE 56 SUR # 88 I -10,N/A,0,1,4.628341,-74.185046,2020-06-15T04:51:26.214Z,0001-01-01T04:51:26.214Z,0,0,0,0,0,0,1,604,N/A,N/A,N/A,null
2,143,994365,BOSA EL PARAISO (T),CL 58 C SUR # 87 F - 15,N/A,0,1,4.623892,-74.188215,2020-06-15T04:51:26.214Z,0001-01-01T04:51:26.214Z,0,0,0,0,0,0,1,604,N/A,N/A,N/A,null
2,144,902311,BOSA EL RETAZO CL 72,CALLE 72 B SUR # 80 I - 71,N/A,0,1,4.607728,-74.197247,2020-06-15T04:51:26.214Z,0001-01-01T04:51:26.214Z,0,0,0,0,0,0,1,604,N/A,N/A,N/A,null
2,145,904799,BOSA ESCOCIA CALLE 57 SUR II,CALLE 57 SUR # 87 C - 48,N/A,0,1,4.623307,-74.185229,2020-06-15T04:51:26.214Z,0001-01-01T04:51:26.214Z,0,0,0,0,0,0,1,604,N/A,N/A,N/A,null
2,146,904795,BOSA INDEPENDENCIA III,CL 70 SUR # 87 I - 05,N/A,0,1,4.621794,-74.196451,2020-06-15T04:51:26.214Z,0001-01-01T04:51:26.214Z,0,0,0,0,0,0,1,604,N/A,N/A,N/A,null
2,147,903756,BOSA MANZANARES II,CR 80 J # 74 D 03 SUR,N/A,0,1,4.609382,-74.202834,2020-06-15T04:51:26.214Z,0001-01-01T04:51:26.214Z,0,0,0,0,0,0,1,604,N/A,N/A,N/A,null
2,148,999182,BOSQUE POPULAR CL 63,CL 63 # 69 A - 22,N/A,0,1,4.669043,-74.09796,2020-06-15T04:51:26.214Z,0001-01-01T04:51:26.214Z,0,0,0,0,0,0,1,604,N/A,N/A,N/A,null
2,149,997753,BRITALIA LA LOMA,CALLE 46 SUR # 82 D - 06,N/A,0,1,4.625813,-74.172302,2020-06-15T04:51:26.214Z,0001-01-01T04:51:26.214Z,0,0,0,0,0,0,1,604,N/A,N/A,N/A,null
2,150,997863,C.C. CARAVANA,CALLE 12 # 9 - 68 LOCAL 41 - 42,N/A,0,1,4.600655,-74.077069,2020-06-15T04:51:26.214Z,0001-01-01T04:51:26.214Z,0,0,0,0,0,0,1,604,N/A,N/A,N/A,null
2,151,998253,C.C. CRA 10,CARRERA 10 # 10 - 78,N/A,0,1,4.599746,-74.078107,2020-06-15T04:51:26.214Z,0001-01-01T04:51:26.214Z,0,0,0,0,0,0,1,604,N/A,N/A,N/A,null
2,152,997099,CAN CALLE 44,CALLE 44 # 54 - 32,N/A,0,1,4.648996,-74.094453,2020-06-15T04:51:26.214Z,0001-01-01T04:51:26.214Z,0,0,0,0,0,0,1,604,N/A,N/A,N/A,null
2,153,901221,CARVAJAL BOYACA,CARRERA 69B NO 37B-05 SUR,N/A,0,1,4.611829,-74.139202,2020-06-15T04:51:26.214Z,0001-01-01T04:51:26.214Z,0,0,0,0,0,0,1,604,N/A,N/A,N/A,null
2,154,900755,CASTILLA,CALLE 9 NO 75-10,N/A,0,1,4.641127,-74.139168,2020-06-15T04:51:26.214Z,0001-01-01T04:51:26.214Z,0,0,0,0,0,0,1,604,N/A,N/A,N/A,null
2,155,901027,CC MAZUREN,AUT NORTE CALLE 152 CC. MAZUREN LC 1-61,N/A,0,1,4.736089,-74.050215,2020-06-15T04:51:26.214Z,0001-01-01T04:51:26.214Z,0,0,0,0,0,0,1,604,N/A,N/A,N/A,null
2,156,903514,CC PLAZA CENTER LC 130 - 131,AV CARACAS 12 - 65 LC 130 - 131,N/A,0,1,4.720091,-74.06825,2020-06-15T04:51:26.214Z,0001-01-01T04:51:26.214Z,0,0,0,0,0,0,1,604,N/A,N/A,N/A,null
2,157,999327,CDS CARULLA CLL 98,CALLE 98 # 17 A - 31,N/A,0,1,4.684488,-74.050342,2020-06-15T04:51:26.214Z,0001-01-01T04:51:26.214Z,0,0,0,0,0,0,1,604,N/A,N/A,N/A,null
2,158,900807,CEDRITOS AV 19,AK 19 # 136 - 38,N/A,0,1,4.720705,-74.046783,2020-06-15T04:51:26.214Z,0001-01-01T04:51:26.214Z,0,0,0,0,0,0,1,604,N/A,N/A,N/A,null
2,159,904200,CENTRO COMERCIAL PLAZA 54,CRA 24 # 53 - 73 LC 220,N/A,0,1,4.642984,-74.074073,2020-06-15T04:51:26.214Z,0001-01-01T04:51:26.214Z,0,0,0,0,0,0,1,604,N/A,N/A,N/A,null
2,160,996462,CENTRO COMERCIAL TREBOLI,Carrera 95A NÂ° 49C-80 Sur Local 111,N/A,0,1,4.639518,-74.183641,2020-06-15T04:51:26.214Z,0001-01-01T04:51:26.214Z,0,0,0,0,0,0,1,604,N/A,N/A,N/A,null
2,161,10806,CHAPINERO CALLE 61,CALLE 61 NO 9 - 40,N/A,0,1,4.647255,-74.061952,2020-06-15T04:51:26.214Z,0001-01-01T04:51:26.214Z,0,0,0,0,0,0,1,604,N/A,N/A,N/A,null
2,162,101116,CHAPINERO CALLE 64,CALLE 64 NO 10-05,N/A,0,1,4.649829,-74.061812,2020-06-15T04:51:26.214Z,0001-01-01T04:51:26.214Z,0,0,0,0,0,0,1,604,N/A,N/A,N/A,null
2,163,901800,COLFECAR FONTIBON,AC 24 #95 A - 80 LC 13,N/A,0,1,4.677245,-74.129248,2020-06-15T04:51:26.214Z,0001-01-01T04:51:26.214Z,0,0,0,0,0,0,1,604,N/A,N/A,N/A,null
2,164,901985,CORINTO CLL 127,CLL 127 # 104 A - 05,N/A,0,1,4.728107,-74.10188,2020-06-15T04:51:26.214Z,0001-01-01T04:51:26.214Z,0,0,0,0,0,0,1,604,N/A,N/A,N/A,null
2,165,903784,DIMONEX CANDELARIA LA NUEVA 49 SU ,CARRERA 49 G  #68 D  89 SUR ,N/A,0,1,4.578851,-74.154132,2020-06-15T04:51:26.214Z,0001-01-01T04:51:26.214Z,0,0,0,0,0,0,1,604,N/A,N/A,N/A,null
2,166,901909,DIMONEX CR 131,CR 131 # 142 - 03,N/A,0,1,4.747385,-74.112209,2020-06-15T04:51:26.214Z,0001-01-01T04:51:26.214Z,0,0,0,0,0,0,1,604,N/A,N/A,N/A,null
2,167,904475,DIMONEX FONTIBON FLANDES,CALLE 18 # 111 - 25,N/A,0,1,4.681118,-74.150446,2020-06-15T04:51:26.214Z,0001-01-01T04:51:26.214Z,0,0,0,0,0,0,1,604,N/A,N/A,N/A,null
2,168,904852,DIMONEX PUENTE ARANDA,CALLE 2 C # 65 - 30,N/A,0,1,4.621582,-74.123396,2020-06-15T04:51:26.214Z,0001-01-01T04:51:26.214Z,0,0,0,0,0,0,1,604,N/A,N/A,N/A,null
2,169,992611,DINDALITO LAS BRISAS,CALLE 42 A SUR # 89 D 16,N/A,0,1,4.63839,-74.172328,2020-06-15T04:51:26.214Z,0001-01-01T04:51:26.214Z,0,0,0,0,0,0,1,604,N/A,N/A,N/A,null
2,170,994460,EDS SANTANA (T),KR 7 # 108 B - 23,N/A,0,1,4.687407,-74.035259,2020-06-15T04:51:26.214Z,0001-01-01T04:51:26.214Z,0,0,0,0,0,0,1,604,N/A,N/A,N/A,null
2,171,994516,EL CODITO,KR 4 # 185 B - 05,N/A,0,1,4.762022,-74.02419,2020-06-15T04:51:26.214Z,0001-01-01T04:51:26.214Z,0,0,0,0,0,0,1,604,N/A,N/A,N/A,null
2,172,997286,EL NOGAL,CARRERA 11 # 80 - 27,N/A,0,1,4.664369,-74.053903,2020-06-15T04:51:26.214Z,0001-01-01T04:51:26.214Z,0,0,0,0,0,0,1,604,N/A,N/A,N/A,null
2,173,996764,ENGATIVA CRA 111 C,CRA 111 C # 70 - 11,N/A,0,1,4.707966,-74.129932,2020-06-15T04:51:26.214Z,0001-01-01T04:51:26.214Z,0,0,0,0,0,0,1,604,N/A,N/A,N/A,null
2,174,901311,ENGATIVA TERMINAL SOTRANDES,CRA 113B # 63I - 39 LOCAL 107,N/A,0,1,4.709313,-74.139867,2020-06-15T04:51:26.214Z,0001-01-01T04:51:26.214Z,0,0,0,0,0,0,1,604,N/A,N/A,N/A,null
2,175,902055,EXPRESS 92 B,AV USME # 92 B - 05 SUR,N/A,0,1,4.504558,-74.115093,2020-06-15T04:51:26.214Z,0001-01-01T04:51:26.214Z,0,0,0,0,0,0,1,604,N/A,N/A,N/A,null
2,176,991095,FONTIBON CR 100,CARRERA 100 NÂ° 23H-83 LOCAL 104,N/A,0,1,4.681301,-74.134696,2020-06-15T04:51:26.214Z,0001-01-01T04:51:26.214Z,0,0,0,0,0,0,1,604,N/A,N/A,N/A,null
2,177,904226,FONTIBON LA PLAZA,CARRERA 103 A # 20 - 27,N/A,0,1,4.677404,-74.143404,2020-06-15T04:51:26.214Z,0001-01-01T04:51:26.214Z,0,0,0,0,0,0,1,604,N/A,N/A,N/A,null
2,178,902141,GRAN GRANADA CRA 114A,CARRERA 114A # 77 - 31,N/A,0,1,4.719028,-74.125898,2020-06-15T04:51:26.214Z,0001-01-01T04:51:26.214Z,0,0,0,0,0,0,1,604,N/A,N/A,N/A,null
2,179,903828,JARDIN DEL NORTE CR 9,AV CARRERA 9 # 164 A - 28,N/A,0,1,4.742232,-74.031722,2020-06-15T04:51:26.214Z,0001-01-01T04:51:26.214Z,0,0,0,0,0,0,1,604,N/A,N/A,N/A,null
2,180,902922,JUZGADOS CRA 9,CARRERA 9 # 11 - 34 LOC 120,N/A,0,1,4.599709,-74.0768,2020-06-15T04:51:26.214Z,0001-01-01T04:51:26.214Z,0,0,0,0,0,0,1,604,N/A,N/A,N/A,null
2,181,902501,KENNEDY 1 MAYO,AV 1 MAYO  - 52B - 94,N/A,0,1,4.607893,-74.127232,2020-06-15T04:51:26.214Z,0001-01-01T04:51:26.214Z,0,0,0,0,0,0,1,604,N/A,N/A,N/A,null
2,182,902406,LA CAMPIÑA II,CRA 92 # 147 - 15,N/A,0,1,4.74192,-74.08485,2020-06-15T04:51:26.214Z,0001-01-01T04:51:26.214Z,0,0,0,0,0,0,1,604,N/A,N/A,N/A,null
2,183,901718,LA CAÑIZA CR 124,CR 124 # 130 - 03,N/A,0,1,4.735514,-74.109136,2020-06-15T04:51:26.214Z,0001-01-01T04:51:26.214Z,0,0,0,0,0,0,1,604,N/A,N/A,N/A,null
2,184,999180,LA ESPAÑOLA CR 82,CR 82 # 80 - 96,N/A,0,1,4.701976,-74.097168,2020-06-15T04:51:26.214Z,0001-01-01T04:51:26.214Z,0,0,0,0,0,0,1,604,N/A,N/A,N/A,null
2,185,999437,LA ESPAÑOÑA TV 76 II,TV 76 # 83 A - 23,N/A,0,1,4.704855,-74.092473,2020-06-15T04:51:26.214Z,0001-01-01T04:51:26.214Z,0,0,0,0,0,0,1,604,N/A,N/A,N/A,null
2,186,998887,LA FRAGUITA CRA 24,CLL 1 # 24 - 25,N/A,0,1,4.594264,-74.096812,2020-06-15T04:51:26.214Z,0001-01-01T04:51:26.214Z,0,0,0,0,0,0,1,604,N/A,N/A,N/A,null
2,187,904586,LA ROSITA CR 100,CR 100 # 24 D - 46,N/A,0,1,4.68121,-74.134634,2020-06-15T04:51:26.214Z,0001-01-01T04:51:26.214Z,0,0,0,0,0,0,1,604,N/A,N/A,N/A,null
2,188,994944,LA VICTORIA PARQUE PRINCIPAL II (T),CL 39 A SUR # 5 - 44 ESTE,N/A,0,1,4.551229,-74.091742,2020-06-15T04:51:26.214Z,0001-01-01T04:51:26.214Z,0,0,0,0,0,0,1,604,N/A,N/A,N/A,null
2,189,903262,LAS FLORES CLL 146,CLL 146 A No 94 D - 10,N/A,0,1,4.74085,-74.087345,2020-06-15T04:51:26.214Z,0001-01-01T04:51:26.214Z,0,0,0,0,0,0,1,604,N/A,N/A,N/A,null
2,190,904450,LOS ALMENDROS CL 40 SUR,CL 40 SUR # 96 - 45,N/A,0,1,4.646003,-74.173722,2020-06-15T04:51:26.214Z,0001-01-01T04:51:26.214Z,0,0,0,0,0,0,1,604,N/A,N/A,N/A,null
2,191,996384,LOS MOLINOS DEL SUR,CALLE 50 A # 7 - 10 SUR,N/A,0,1,4.556915,-74.121106,2020-06-15T04:51:26.214Z,0001-01-01T04:51:26.214Z,0,0,0,0,0,0,1,604,N/A,N/A,N/A,null
2,192,904858,MALL AC 138,CARRERA 59A # 136 - 95 LOCAL 11,N/A,0,1,4.729406,-74.068175,2020-06-15T04:51:26.214Z,0001-01-01T04:51:26.214Z,0,0,0,0,0,0,1,604,N/A,N/A,N/A,null
2,193,999251,MCDONALD`S CHAPINERO,CALLE 52 # 13 - 64,N/A,0,1,4.63954,-74.065319,2020-06-15T04:51:26.214Z,0001-01-01T04:51:26.214Z,0,0,0,0,0,0,1,604,N/A,N/A,N/A,null
2,194,999253,MCDONALD`S USAQUEN,CALLE 118 # 7 - 76,N/A,0,1,4.695407,-74.032071,2020-06-15T04:51:26.214Z,0001-01-01T04:51:26.214Z,0,0,0,0,0,0,1,604,N/A,N/A,N/A,null
2,195,902543,MINICENTRO CALLE 60,CARRERA 13 A # 60 - 24 LOCAL 188,N/A,0,1,4.64708,-74.06399,2020-06-15T04:51:26.214Z,0001-01-01T04:51:26.214Z,0,0,0,0,0,0,1,604,N/A,N/A,N/A,null
2,196,10353,MODELIA AV. LA ESPERANZA,AV. LA ESPERANZA NÂ° 74Âª â€“ 84,N/A,0,1,4.666016,-74.119688,2020-06-15T04:51:26.214Z,0001-01-01T04:51:26.214Z,0,0,0,0,0,0,1,604,N/A,N/A,N/A,null
2,197,902544,MODELIA CALLE 23 B,CRA 75 #23 B - 35,N/A,0,1,4.664129,-74.122112,2020-06-15T04:51:26.214Z,0001-01-01T04:51:26.214Z,0,0,0,0,0,0,1,604,N/A,N/A,N/A,null
2,198,991547,MONTE BLANCO,CL 94 SUR # 0 - 16 ESTE,N/A,0,1,4.502886,-74.115484,2020-06-15T04:51:26.214Z,0001-01-01T04:51:26.214Z,0,0,0,0,0,0,1,604,N/A,N/A,N/A,null
2,199,997194,OXXO AV EL DORADO CON 92,Avenida El Dorado # 92-32,N/A,0,1,4.683998,-74.120931,2020-06-15T04:51:26.214Z,0001-01-01T04:51:26.214Z,0,0,0,0,0,0,1,604,N/A,N/A,N/A,null
2,200,999842,OXXO LAGO GAITAN,CALLE 80 # 14 - 08,N/A,0,1,4.66614,-74.05639,2020-06-15T04:51:26.214Z,0001-01-01T04:51:26.214Z,0,0,0,0,0,0,1,604,N/A,N/A,N/A,null
2,201,992509,OXXO MODERNO,CARRERA 11 No 73-40 LOCAL 1,N/A,0,1,4.658845,-74.057418,2020-06-15T04:51:26.214Z,0001-01-01T04:51:26.214Z,0,0,0,0,0,0,1,604,N/A,N/A,N/A,null
2,202,902815,PASTRANITA CRA 78G,CR 78G BIS C - 48A - 30 SUR,N/A,0,1,4.613387,-74.166194,2020-06-15T04:51:26.214Z,0001-01-01T04:51:26.214Z,0,0,0,0,0,0,1,604,N/A,N/A,N/A,null
2,203,904484,PATIO BONITO CR 86 SUR,AV CIUDAD DE CALI # 34 -29 SUR,N/A,0,1,4.636654,-74.160998,2020-06-15T04:51:26.214Z,0001-01-01T04:51:26.214Z,0,0,0,0,0,0,1,604,N/A,N/A,N/A,null
2,204,903800,PATIO BONITO CRA 87 I SUR,CARRERA 87 I # 26 - 84,N/A,0,1,4.638808,-74.161254,2020-06-15T04:51:26.214Z,0001-01-01T04:51:26.214Z,0,0,0,0,0,0,1,604,N/A,N/A,N/A,null
2,205,999003,PATIO BONITO PALMITAS CALLE 40,CALLE 40 SUR # 98 C - 23,N/A,0,1,4.641894,-74.170864,2020-06-15T04:51:26.214Z,0001-01-01T04:51:26.214Z,0,0,0,0,0,0,1,604,N/A,N/A,N/A,null
2,206,992811,PATIO BONITO PRIMAVERA,CL 2 # 91 - 10 LC 13,N/A,0,1,4.646351,-74.164318,2020-06-15T04:51:26.214Z,0001-01-01T04:51:26.214Z,0,0,0,0,0,0,1,604,N/A,N/A,N/A,null
2,207,902403,PENSILVANIA CR 32,CRA 32 N 7 - 96 LOCAL 201,N/A,0,1,4.611204,-74.096815,2020-06-15T04:51:26.214Z,0001-01-01T04:51:26.214Z,0,0,0,0,0,0,1,604,N/A,N/A,N/A,null
2,208,10799,PEPE SIERRA - CARRULLA VIVERO,CALLE 114 NO.16-32,N/A,0,1,4.695895,-74.043399,2020-06-15T04:51:26.214Z,0001-01-01T04:51:26.214Z,0,0,0,0,0,0,1,604,N/A,N/A,N/A,null
2,209,903318,PERPETUO SOCORRO,CALLE 49 SUR #77 P - 59,N/A,0,1,4.608001,-74.166217,2020-06-15T04:51:26.214Z,0001-01-01T04:51:26.214Z,0,0,0,0,0,0,1,604,N/A,N/A,N/A,null
2,210,904696,REMANSO SUR,CALLE 18 SUR # 37 - 14,N/A,0,1,4.598508,-74.114962,2020-06-15T04:51:26.214Z,0001-01-01T04:51:26.214Z,0,0,0,0,0,0,1,604,N/A,N/A,N/A,null
2,211,903757,RESTREPO CLL 17 SUR,CL 17 SUR 17 - 44 LC 8-9,N/A,0,1,4.585178,-74.100429,2020-06-15T04:51:26.214Z,0001-01-01T04:51:26.214Z,0,0,0,0,0,0,1,604,N/A,N/A,N/A,null
2,212,10864,ROMA,CL 57 A SUR # 79 A - 26,N/A,0,1,4.600415,-74.154983,2020-06-15T04:51:26.214Z,0001-01-01T04:51:26.214Z,0,0,0,0,0,0,1,604,N/A,N/A,N/A,null
2,213,904740,RONDA DEL RIO INVERSIONES VARGAS,CALLE 78 B # 120 A - 56 LC 1-03,N/A,0,1,4.724941,-74.133838,2020-06-15T04:51:26.214Z,0001-01-01T04:51:26.214Z,0,0,0,0,0,0,1,604,N/A,N/A,N/A,null
2,214,904971,SAMPER CLL 34,CALLE 34 # 13 - 63,N/A,0,1,4.62221,-74.068705,2020-06-15T04:51:26.214Z,0001-01-01T04:51:26.214Z,0,0,0,0,0,0,1,604,N/A,N/A,N/A,null
2,215,998291,SAN ANTONIO NORTE,CLL 182 # 7 C - 11,N/A,0,1,4.758799,-74.02836,2020-06-15T04:51:26.214Z,0001-01-01T04:51:26.214Z,0,0,0,0,0,0,1,604,N/A,N/A,N/A,null
2,216,904699,SAN BERNANDINO CL 65 SUR,CL 65 SUR # 98 B 46,N/A,0,1,4.606493,-74.18429,2020-06-15T04:51:26.214Z,0001-01-01T04:51:26.214Z,0,0,0,0,0,0,1,604,N/A,N/A,N/A,null
2,217,999097,SAN CRISTOBAL II,CALLE 13 SUR # 10 C - 84 ESTE,N/A,0,1,4.572342,-74.082306,2020-06-15T04:51:26.214Z,0001-01-01T04:51:26.214Z,0,0,0,0,0,0,1,604,N/A,N/A,N/A,null
2,218,903444,SAN CRISTOBAL NORTE CAI CR 7,AV CARRERA 7 # 163 - 13 LOCAL 101,N/A,0,1,4.738197,-74.022811,2020-06-15T04:51:26.214Z,0001-01-01T04:51:26.214Z,0,0,0,0,0,0,1,604,N/A,N/A,N/A,null
2,219,902549,SAN FELIPE KR 20A ESQUINA,CARRERA 20A # 72 - 07,N/A,0,1,4.660529,-74.063343,2020-06-15T04:51:26.214Z,0001-01-01T04:51:26.214Z,0,0,0,0,0,0,1,604,N/A,N/A,N/A,null
2,220,999871,SAN JOSE CLL 180.,CLL 180 # 11 - 20 LC 8,N/A,0,1,4.75679,-74.033713,2020-06-15T04:51:26.214Z,0001-01-01T04:51:26.214Z,0,0,0,0,0,0,1,604,N/A,N/A,N/A,null
2,221,994515,SAN PABLO CALLE 17 FONTIBON (T),CALLE 17 B # 118 B - 05,N/A,0,1,4.68727,-74.156239,2020-06-15T04:51:26.214Z,0001-01-01T04:51:26.214Z,0,0,0,0,0,0,1,604,N/A,N/A,N/A,null
2,222,904563,SANTA ANA OCCIDENTAL CL 106,CALLE 106 # 8 A - 14,N/A,0,1,4.687348,-74.039832,2020-06-15T04:51:26.214Z,0001-01-01T04:51:26.214Z,0,0,0,0,0,0,1,604,N/A,N/A,N/A,null
2,223,10691,SANTA HELENITA CR 80,AVENIDA CALLE 68 NO.76-19,N/A,0,1,4.691759,-74.102175,2020-06-15T04:51:26.214Z,0001-01-01T04:51:26.214Z,0,0,0,0,0,0,1,604,N/A,N/A,N/A,null
2,224,995349,SANTA LIBRADA IV.(T),AV CRA 1 # 75 - 53 LOCAL 7,N/A,0,1,4.52245,-74.117885,2020-06-15T04:51:26.214Z,0001-01-01T04:51:26.214Z,0,0,0,0,0,0,1,604,N/A,N/A,N/A,null
2,225,994100,SUBA BERLIN CLL 139 II (T),CALLE 139 NÂ° 140-03,N/A,0,1,4.746963,-74.114813,2020-06-15T04:51:26.214Z,0001-01-01T04:51:26.214Z,0,0,0,0,0,0,1,604,N/A,N/A,N/A,null
2,226,992434,SUBA BERLIN PARQUE CR 145,CL 139 # 145 B-03,N/A,0,1,4.747354,-74.117769,2020-06-15T04:51:26.214Z,0001-01-01T04:51:26.214Z,0,0,0,0,0,0,1,604,N/A,N/A,N/A,null
2,227,994774,SUBA BILBAO PARQUE (T),CL 143B # 147 B -21,N/A,0,1,4.752201,-74.118053,2020-06-15T04:51:26.214Z,0001-01-01T04:51:26.214Z,0,0,0,0,0,0,1,604,N/A,N/A,N/A,null
2,228,997280,SUBA OASIS IV,CALLE 151 # 111 A - 87 CASA 182,N/A,0,1,4.753394,-74.10005,2020-06-15T04:51:26.214Z,0001-01-01T04:51:26.214Z,0,0,0,0,0,0,1,604,N/A,N/A,N/A,null
2,229,995801,SUBA RINCON NORTE CALLE 130 C,CALLE 130 C # 94 B-22,N/A,0,1,4.726687,-74.089176,2020-06-15T04:51:26.214Z,0001-01-01T04:51:26.214Z,0,0,0,0,0,0,1,604,N/A,N/A,N/A,null
2,230,994866,SUBA STA RITA (T),CALLE 138 # 155 - 03,N/A,0,1,4.744297,-74.126762,2020-06-15T04:51:26.214Z,0001-01-01T04:51:26.214Z,0,0,0,0,0,0,1,604,N/A,N/A,N/A,null
2,231,903672,SUBA TIBABUYES CLL 151,CLL 151 # 109 A - 54 CA 8,N/A,0,1,4.752893,-74.098447,2020-06-15T04:51:26.214Z,0001-01-01T04:51:26.214Z,0,0,0,0,0,0,1,604,N/A,N/A,N/A,null
2,232,902650,SUBA TRINIDAD II,CR 100 # 137 - 08,N/A,0,1,4.738464,-74.093673,2020-06-15T04:51:26.214Z,0001-01-01T04:51:26.214Z,0,0,0,0,0,0,1,604,N/A,N/A,N/A,null
2,233,998858,SUBA VILLA ELISA IV,AV CR 91 No. 131D 15 LOCAL 3,N/A,0,1,4.730174,-74.087498,2020-06-15T04:51:26.214Z,0001-01-01T04:51:26.214Z,0,0,0,0,0,0,1,604,N/A,N/A,N/A,null
2,234,10284,TEJAR,calle 27 sur NÂ° 52 50 LOCAL 5,N/A,0,1,4.606039,-74.126604,2020-06-15T04:51:26.214Z,0001-01-01T04:51:26.214Z,0,0,0,0,0,0,1,604,N/A,N/A,N/A,null
2,235,903014,TEUSAQUILLO CALLE 59,CRA 17 - 59 - 06,N/A,0,1,4.646784,-74.068227,2020-06-15T04:51:26.214Z,0001-01-01T04:51:26.214Z,0,0,0,0,0,0,1,604,N/A,N/A,N/A,null
2,236,903636,TEUSAQUILLO CLL 34,CLL 34 # 24 - 05,N/A,0,1,4.623229,-74.07154,2020-06-15T04:51:26.214Z,0001-01-01T04:51:26.214Z,0,0,0,0,0,0,1,604,N/A,N/A,N/A,null
2,237,901273,TIMIZA CRA 72,CARRERA 72K # 40-17 SUR,N/A,0,1,4.609185,-74.147745,2020-06-15T04:51:26.214Z,0001-01-01T04:51:26.214Z,0,0,0,0,0,0,1,604,N/A,N/A,N/A,null
2,238,10360,TOBERIN CLL 166 ZONA BANCARIA,CALLE 166 NO. 21 - 04,N/A,0,1,4.746773,-74.044657,2020-06-15T04:51:26.214Z,0001-01-01T04:51:26.214Z,0,0,0,0,0,0,1,604,N/A,N/A,N/A,null
2,239,992477,VALLADOLID II,CL 8 B # 82 - 04,N/A,0,1,4.645789,-74.147849,2020-06-15T04:51:26.214Z,0001-01-01T04:51:26.214Z,0,0,0,0,0,0,1,604,N/A,N/A,N/A,null
2,240,903143,VICTORIA NORTE KR 54,CR 54 # 150 - 27 LC 2,N/A,0,1,4.733215,-74.055667,2020-06-15T04:51:26.214Z,0001-01-01T04:51:26.214Z,0,0,0,0,0,0,1,604,N/A,N/A,N/A,null
2,241,10378,VILLA LUZ,CRA 77 A NO 64F - 18,N/A,0,1,4.682445,-74.106492,2020-06-15T04:51:26.214Z,0001-01-01T04:51:26.214Z,0,0,0,0,0,0,1,604,N/A,N/A,N/A,null
2,242,991121,VILLAS DEL DORADO,KR 110 # 68 B - 45,N/A,0,1,4.704363,-74.12825,2020-06-15T04:51:26.214Z,0001-01-01T04:51:26.214Z,0,0,0,0,0,0,1,604,N/A,N/A,N/A,null
2,243,999905,CIUDAD VERDE CC MIRAFLORES,TV 32 # 24 -60/70 LOCAL 1,6341900,0,1,4.606634,-74.217185,2020-06-15T04:51:26.214Z,0001-01-01T04:51:26.214Z,0,0,0,0,0,0,1,543,N/A,N/A,N/A,null
2,244,903053,SOACHA CC MIRAFLORES ISLA,TV 32 # 24- 60/70,6341900,0,1,4.606634,-74.217185,2020-06-15T04:51:26.214Z,0001-01-01T04:51:26.214Z,0,0,0,0,0,0,1,543,N/A,N/A,N/A,null
2,245,996501,CENTRO COMERCIAL PRADO VERDE,TV 40 # 18 - 77 LC 142,3014154330,0,1,4.611232,-74.221407,2020-06-15T04:51:26.214Z,0001-01-01T04:51:26.214Z,0,0,0,0,0,0,1,543,N/A,N/A,N/A,null
2,246,999146,COMPARTIR LICEO SANTA VERONICA,CALLE 7A SUR # 12-85,3166489036,0,1,4.569014,-74.236832,2020-06-15T04:51:26.214Z,0001-01-01T04:51:26.214Z,0,0,0,0,0,0,1,543,N/A,N/A,N/A,null
2,247,253503,PARQUE PRINCIPAL ::,CALLE 12 NO 7 - 29,919003096,0,1,4.581667,-74.220174,2020-06-15T04:51:26.214Z,0001-01-01T04:51:26.214Z,0,0,0,0,0,0,1,543,N/A,N/A,N/A,null
2,248,994719,SOACHA CALLE 15 SAN HUMBERTO(T),CALLE 15 Nro 1 A - 17 ESTE,8822260,0,1,4.587824,-74.180896,2020-06-15T04:51:26.214Z,0001-01-01T04:51:26.214Z,0,0,0,0,0,0,1,543,N/A,N/A,N/A,null
2,249,996305,SOACHA SATELITE,DG 9 # 6 - 119,3123443003,0,1,4.580647,-74.221791,2020-06-15T04:51:26.214Z,0001-01-01T04:51:26.214Z,0,0,0,0,0,0,1,543,N/A,N/A,N/A,null
2,250,253005,SAN MATEO AVDA 30 ::,AV.CLL.30 NO. 8 B 12 ESTE,917211121,0,1,4.577951,-74.200601,2020-06-15T04:51:26.214Z,0001-01-01T04:51:26.214Z,0,0,0,0,0,0,1,543,N/A,N/A,N/A,null
2,251,900789,COMPARTIR PLAZA PRINCIPAL ::,CL 7 SUR # 14 - 35,917262962,0,1,4.568827,-74.238249,2020-06-15T04:51:26.214Z,0001-01-01T04:51:26.214Z,0,0,0,0,0,0,1,543,N/A,N/A,N/A,null
2,252,991123,CIUDAD LATINA,KR 20 # 4 A - 12,917265023,0,1,4.578659,-74.241035,2020-06-15T04:51:26.214Z,0001-01-01T04:51:26.214Z,0,0,0,0,0,0,1,543,N/A,N/A,N/A,null
2,253,991283,QUINTANARES ENTRADA,KR 7 # 4 - 42,917826797,0,1,4.591728,-74.194997,2020-06-15T04:51:26.214Z,0001-01-01T04:51:26.214Z,0,0,0,0,0,0,1,543,N/A,N/A,N/A,null
2,254,991410,SOACHA TIBANICA,CL 34 # 1 A - 82 CS 222,7211124,0,1,4.584633,-74.199142,2020-06-15T04:51:26.214Z,0001-01-01T04:51:26.214Z,0,0,0,0,0,0,1,543,N/A,N/A,N/A,null
2,255,992041,SOACHA OLIMPICA UNISUR,Carrera 3 No. 29 A 02 C.C. UNISUR,3106186541,0,1,4.584355,-74.205279,2020-06-15T04:51:26.214Z,0001-01-01T04:51:26.214Z,0,0,0,0,0,0,1,543,N/A,N/A,N/A,null
2,256,993789,SOACHA SAN BERNARDINO CALLE 12,Calle 12 NÂ° 3B-42,917811389,0,1,4.578086,-74.218951,2020-06-15T04:51:26.214Z,0001-01-01T04:51:26.214Z,0,0,0,0,0,0,1,543,N/A,N/A,N/A,null
2,257,998831,SOACHA COMPARTIR PARADERO,CALLE 18 SUR # 13 G - 26,3057001643,0,1,4.578714,-74.238342,2020-06-15T04:51:26.214Z,0001-01-01T04:51:26.214Z,0,0,0,0,0,0,1,543,N/A,N/A,N/A,null
2,258,903738,SOACHA LEON XIII - 2,CALLE 42 # 7 -05,3112374727,0,1,4.591511,-74.195991,2020-06-15T04:51:26.214Z,0001-01-01T04:51:26.214Z,0,0,0,0,0,0,1,543,N/A,N/A,N/A,null
2,259,904223,SOACHA FRENTE A MAYORISTA,CALLE 15 # 3 A 35 PISO 2,3187356716,0,1,4.5794938,-74.2164476,2020-06-15T04:51:26.214Z,0001-01-01T04:51:26.214Z,0,0,0,0,0,0,1,543,N/A,N/A,N/A,null
2,260,991286,HOSPITAL IGLESIA SAN MATEO,KR 9 ESTE # 30 - 61 EX 2,915795630,0,1,4.577965,-74.200607,2020-06-15T04:51:26.214Z,0001-01-01T04:51:26.214Z,0,0,0,0,0,0,1,543,N/A,N/A,N/A,null
2,261,901841,SOACHA JULIO RINCON,TR 9 ESTE 44 -30,3508354186,0,1,4.583492,-74.190683,2020-06-15T04:51:26.214Z,0001-01-01T04:51:26.214Z,0,0,0,0,0,0,1,543,N/A,N/A,N/A,null
2,262,903010,SOACHA PARQUE CAMPESTRE,CALLE 6 SUR # 16A 150,3134672214,0,1,4.581949,-74.230455,2020-06-15T04:51:26.214Z,0001-01-01T04:51:26.214Z,0,0,0,0,0,0,1,543,N/A,N/A,N/A,null
2,263,998259,SOACHA OLIVOS I SECTOR,CARRERA 24 # 45F 68,7114158,0,1,4.598733,-74.198578,2020-06-15T04:51:26.214Z,0001-01-01T04:51:26.214Z,0,0,0,0,0,0,1,543,N/A,N/A,N/A,null
2,264,999756,SOACHA AV TERREROS,DIAGONAL 35 # 12 -01,3102616492,0,1,4.589622,-74.199501,2020-06-15T04:51:26.214Z,0001-01-01T04:51:26.214Z,0,0,0,0,0,0,1,543,N/A,N/A,N/A,null
2,265,997181,SOACHA CIUDADELA SUCRE,CARRERA36 ESTE # 36C - 04,3165243289,0,1,4.566104,-74.18655,2020-06-15T04:51:26.214Z,0001-01-01T04:51:26.214Z,0,0,0,0,0,0,1,543,N/A,N/A,N/A,null
2,266,903111,CC MERCURIO PRIMER PISO,CARRERA 7 # 32 - 35 CC MERCURIO LC 109,3005539819,0,1,4.587768,-74.203254,2020-06-15T04:51:26.214Z,0001-01-01T04:51:26.214Z,0,0,0,0,0,0,1,543,N/A,N/A,N/A,null
2,267,903961,SOACHA CC JARDIN VERDE,CARRERA 36A # 12 - 71,3208396416,0,1,4.605491,-74.2228,2020-06-15T04:51:26.214Z,0001-01-01T04:51:26.214Z,0,0,0,0,0,0,1,543,N/A,N/A,N/A,null
2,268,902682,SOACHA CAMILO TORRES,CARRERA 8 # 22 B 20,3115495863,0,1,4.582269,-74.225853,2020-06-15T04:51:26.214Z,0001-01-01T04:51:26.214Z,0,0,0,0,0,0,1,543,N/A,N/A,N/A,null
2,269,999567,SOACHA GLORIETA MERCURIO,TRANSVERSAL 7A # 30 K 9 INT 109,3178872942,0,1,4.588086,-74.206355,2020-06-15T04:51:26.214Z,0001-01-01T04:51:26.214Z,0,0,0,0,0,0,1,543,N/A,N/A,N/A,null
2,270,999708,SOACHA CC ANTARES,CARRERA 7N # 30B 139 LOCAL 257,3014154330,0,1,4.587296,-74.205792,2020-06-15T04:51:26.214Z,0001-01-01T04:51:26.214Z,0,0,0,0,0,0,1,543,N/A,N/A,N/A,null
2,271,901975,MAIPORE,CRA 5 ESTE 25F - 08,3144433344,0,1,4.559212,-74.227705,2020-06-15T04:51:26.214Z,0001-01-01T04:51:26.214Z,0,0,0,0,0,0,1,543,N/A,N/A,N/A,null
2,272,904551,EFECTY C.C. VENTURA TERREROS,CR 1 # 38 - 89 CC VENTURA P 1,3005539819,0,1,4.589382,-74.195457,2020-06-15T04:51:26.214Z,0001-01-01T04:51:26.214Z,0,0,0,0,0,0,1,543,N/A,N/A,N/A,null
2,273,902252,LA Y COMPARTIR,CALLE 11 # 11 - 75 SUR,4501290,0,1,4.564633,-74.235523,2020-06-15T04:51:26.214Z,0001-01-01T04:51:26.214Z,0,0,0,0,0,0,1,543,N/A,N/A,N/A,null
2,274,904489,EFECTY FRENTE ARA,CALLE 13 # 3 - 30,3208396416,0,1,4.578354,-74.217,2020-06-15T04:51:26.214Z,0001-01-01T04:51:26.214Z,0,0,0,0,0,0,1,543,N/A,N/A,N/A,null
2,275,903982,CIUDAD VERDE CAMELIA,CALLE 37 # 37 - 37,3107887364,0,1,4.611267,-74.217612,2020-06-15T04:51:26.214Z,0001-01-01T04:51:26.214Z,0,0,0,0,0,0,1,543,N/A,N/A,N/A,null
2,276,904374,DROGUERIA CENTRO DE SERVICIOS LUMART,CALLE 45 # 2 B 8 ESTE,3508354186,0,1,4.5835724,-74.1906812,2020-06-15T04:51:26.214Z,0001-01-01T04:51:26.214Z,0,0,0,0,0,0,1,543,N/A,N/A,N/A,null
2,277,900041,SAN MATEO CENTRO COMERCIAL UNISUR LOCAL 1020 ::,CENTRO COMERCIAL UNISUR LOCAL 1020,918214560,0,1,4.584481,-74.2063,2020-06-15T04:51:26.214Z,0001-01-01T04:51:26.214Z,0,0,0,0,0,0,1,543,N/A,N/A,N/A,null
2,278,903903,C.C GRAN PLAZA BOSA CL 65 SUR,CL 65 SUR # 78 H - 51,N/A,0,1,4.604873,-74.183547,2020-06-15T04:51:26.214Z,0001-01-01T04:51:26.214Z,0,0,0,0,0,0,1,604,N/A,N/A,N/A,null
2,279,994140,CARRERA 9 CON 20 (T),CARRERA 9 # 20-58 LOCAL L14,3424403,0,1,4.607781,-74.072308,2020-06-15T04:51:26.214Z,0001-01-01T04:51:26.214Z,0,0,0,0,0,0,1,604,N/A,N/A,N/A,null
2,280,901972,LA ESTRADA AV ROJAS,AV ROJAS # 64 D - 46,3133196348,0,1,4.674778,-74.097916,2020-06-15T04:51:26.214Z,0001-01-01T04:51:26.214Z,0,0,0,0,0,0,1,604,N/A,N/A,N/A,null
2,281,991467,TEXACO GRAN AMERICA,CL 26 # 31 - 61,2698146,0,1,4.627873,-74.081785,2020-06-15T04:51:26.214Z,0001-01-01T04:51:26.214Z,0,0,0,0,0,0,1,604,N/A,N/A,N/A,null
2,282,992375,CENTRO FRENTE CONTRALORIA (),CALLE 17 # 9 - 33 LOCAL 2,5601303,0,1,4.604851,-74.074379,2020-06-15T04:51:26.214Z,0001-01-01T04:51:26.214Z,0,0,0,0,0,0,1,604,N/A,N/A,N/A,null
2,283,994407,SAN ANDRESITO CRA 38 (T),CRA 38 # 7 - 30,3004620,0,1,4.6147,-74.103767,2020-06-15T04:51:26.214Z,0001-01-01T04:51:26.214Z,0,0,0,0,0,0,1,604,N/A,N/A,N/A,null
2,284,996082,LA ACACIAS DIAGONAL 62 SUR,DG 62 SUR # 20 B - 21,4611013,0,1,4.564541,-74.142838,2020-06-15T04:51:26.214Z,0001-01-01T04:51:26.214Z,0,0,0,0,0,0,1,604,N/A,N/A,N/A,null
2,285,996485,C.C. SHOW PLACE,CL 147 # 7 - 70,2167330,0,1,4.723557,-74.027146,2020-06-15T04:51:26.214Z,0001-01-01T04:51:26.214Z,0,0,0,0,0,0,1,604,N/A,N/A,N/A,null
2,286,901515,KENNEDY CENTRAL CR 78 G,CALLE 38 SUR # 78 G - 03,52980175,0,1,4.622569,-74.152434,2020-06-15T04:51:26.214Z,0001-01-01T04:51:26.214Z,0,0,0,0,0,0,1,604,N/A,N/A,N/A,null
2,287,901891,DROGUERIA SAN DIEGO,CLL 163 # 55 BIS - 01,3165308556,0,1,4.746214,-74.057005,2020-06-15T04:51:26.214Z,0001-01-01T04:51:26.214Z,0,0,0,0,0,0,1,604,N/A,N/A,N/A,null
2,288,902334,INGLES CLL 41 SUR,CALLE 41 SUR # 27 - 53,3202664254,0,1,4.58475,-74.124076,2020-06-15T04:51:26.214Z,0001-01-01T04:51:26.214Z,0,0,0,0,0,0,1,604,N/A,N/A,N/A,null
2,289,902406,LA CAMPIÑA II,CRA 92 # 147 - 15,6823368,0,1,4.7421,-74.084832,2020-06-15T04:51:26.214Z,0001-01-01T04:51:26.214Z,0,0,0,0,0,0,1,604,N/A,N/A,N/A,null
2,290,902563,ALQUERIA LA FRAGUA II,CARRERA 68D SUR 37 - 73,3133902414,0,1,4.605029,-74.135263,2020-06-15T04:51:26.214Z,0001-01-01T04:51:26.214Z,0,0,0,0,0,0,1,604,N/A,N/A,N/A,null
2,291,902851,GOBERNACION CALLE 26,CALLE 26 - 51-53,3208863288,0,1,4.640921,-74.097047,2020-06-15T04:51:26.214Z,0001-01-01T04:51:26.214Z,0,0,0,0,0,0,1,604,N/A,N/A,N/A,null
2,292,903806,VILLA DE CAFAM CL 91 B SUR,CL 91 B SUR # 45 B ESTE 15,3466817,0,1,0,0,2020-06-15T04:51:26.214Z,0001-01-01T04:51:26.214Z,0,0,0,0,0,0,1,604,N/A,N/A,N/A,null
2,293,903814,PAPELERIA RED 3,AV. CALLE 26 No 60 47 LC 2 100,3182481358,0,1,4.648173,-74.100866,2020-06-15T04:51:26.214Z,0001-01-01T04:51:26.214Z,0,0,0,0,0,0,1,604,N/A,N/A,N/A,null
2,294,904199,CHICO CL 93,CALLE 93 # 12- 54 LOCAL 1,7023638,0,1,4.675619,-74.049515,2020-06-15T04:51:26.214Z,0001-01-01T04:51:26.214Z,0,0,0,0,0,0,1,604,N/A,N/A,N/A,null
2,295,904144,MOCHUELO CR 18 F SUR,CR 18 F # 92 - 70 SUR,3208666152,0,1,0,0,2020-06-15T04:51:26.214Z,0001-01-01T04:51:26.214Z,0,0,0,0,0,0,1,604,N/A,N/A,N/A,null
2,296,904875,VENECIA DIG 51 SUR,DIG 51 SUR #54 B - 23 L 102,3134826002,0,1,4.590616,-74.143528,2020-06-15T04:51:26.214Z,0001-01-01T04:51:26.214Z,0,0,0,0,0,0,1,604,N/A,N/A,N/A,null
2,297,904942,PRADERA CALLE 3,CALLE 3 # 60 - 18 LOCAL 1,3105881264,0,1,4.621473,-74.121282,2020-06-15T04:51:26.214Z,0001-01-01T04:51:26.214Z,0,0,0,0,0,0,1,604,N/A,N/A,N/A,null
2,298,905058,PASEO DE SEVILLA,CARRERA 87 B #6 D- 10 LC 114,3214071811,0,1,4.645037,-74.153869,2020-06-15T04:51:26.214Z,0001-01-01T04:51:26.214Z,0,0,0,0,0,0,1,604,N/A,N/A,N/A,null
2,299,905079,LA ISABELLA TV 85 CON 63,TRANSVERSAL 85 # 63 - 50 LC 1,3118020474,0,1,4.681888,-74.111475,2020-06-15T04:51:26.214Z,0001-01-01T04:51:26.214Z,0,0,0,0,0,0,1,604,N/A,N/A,N/A,null
2,300,905078,CENTRO AMERICAS,CARRERA 69 F no 2-11,3142433865,0,1,4.623089,-74.13113,2020-06-15T04:51:26.214Z,0001-01-01T04:51:26.214Z,0,0,0,0,0,0,1,604,N/A,N/A,N/A,null
2,301,905100,SUBA LOMBARDIA CRA 107 A,CARRERA 107 A #142 - 02,3202512879,0,1,4.746056,-74.098651,2020-06-15T04:51:26.214Z,0001-01-01T04:51:26.214Z,0,0,0,0,0,0,1,604,N/A,N/A,N/A,null
2,302,904978,SUBA AV CL 100,AV CL 100 # 49 - 57,3212165771,0,1,4.68801,-74.062562,2020-06-15T04:51:26.214Z,0001-01-01T04:51:26.214Z,0,0,0,0,0,0,1,604,N/A,N/A,N/A,null
2,303,905258,SAN CARLOS CL 53 SUR,CALLE 53 # 16 B - 16 SUR,3138826296,0,1,4.565146,-74.128087,2020-06-15T04:51:26.214Z,0001-01-01T04:51:26.214Z,0,0,0,0,0,0,1,604,N/A,N/A,N/A,null
2,304,905223,SAN BERNANDINO XIX CL 73 SUR,CALLE 73 SUR # 94 A - 01,3208221455,0,1,4.62932,-74.202924,2020-06-15T04:51:26.214Z,0001-01-01T04:51:26.214Z,0,0,0,0,0,0,1,604,N/A,N/A,N/A,null
2,305,905244,NORMANDIA CLL 51 CON 70D,CALLE 51 # 70 D- 16,3005563242,0,1,4.667534,-74.106771,2020-06-15T04:51:26.214Z,0001-01-01T04:51:26.214Z,0,0,0,0,0,0,1,604,N/A,N/A,N/A,null
2,306,905126,GRAN GRANADA DG 77 B,DIAGONAL 77 B # 123 A - 43 CASA 165,3143124332,0,1,4.723044,-74.134316,2020-06-15T04:51:26.214Z,0001-01-01T04:51:26.214Z,0,0,0,0,0,0,1,604,N/A,N/A,N/A,null
2,307,905435,ALHAMBRA CL 116,CALLE 116 # 53 - 43,3134188050,0,1,4.700682,-74.062715,2020-06-15T04:51:26.214Z,0001-01-01T04:51:26.214Z,0,0,0,0,0,0,1,604,N/A,N/A,N/A,null
2,308,905557,CRES CALLE 22 RESTREPO SUR,CALLE 22 SUR # 24 F - 08,320231572,0,1,4.586755,-74.106721,2020-06-15T04:51:26.214Z,0001-01-01T04:51:26.214Z,0,0,0,0,0,0,1,604,N/A,N/A,N/A,null
2,309,905508,MADELENA CR 66 SUR,CARRERA 66 SUR # 58 - 14,3142736740,0,1,4.594608,-74.156941,2020-06-15T04:51:26.214Z,0001-01-01T04:51:26.214Z,0,0,0,0,0,0,1,604,N/A,N/A,N/A,null
2,310,905580,UNILAGO.,CARRERA 15 # 78 - 33,3007078117,0,1,4.665101,-74.058061,2020-06-15T04:51:26.214Z,0001-01-01T04:51:26.214Z,0,0,0,0,0,0,1,604,N/A,N/A,N/A,null
2,311,905478,EFECTY LA GLORIA DIAGONAL 43 SUR,DIAGONAL 43 SUR # 6 B -30 ESTE,3183608405,0,1,4.545819,-74.091384,2020-06-15T04:51:26.214Z,0001-01-01T04:51:26.214Z,0,0,0,0,0,0,1,604,N/A,N/A,N/A,null
2,312,905561,LOS LIBERTADORES II.,CALLE 63 C # 16-21,3014139537,0,1,4.652649,-74.066802,2020-06-15T04:51:26.214Z,0001-01-01T04:51:26.214Z,0,0,0,0,0,0,1,604,N/A,N/A,N/A,null
2,313,905610,ALQUERIA CARRERA 68 D SUR_,CARRERA 68 D # 38 - 13 SUR,3209459347,0,1,4.603489,-74.136479,2020-06-15T04:51:26.214Z,0001-01-01T04:51:26.214Z,0,0,0,0,0,0,1,604,N/A,N/A,N/A,null
2,314,905261,SAN JORGE DG 45 BIS.,DIAGONAL 45 BIS B # 13 F - 62 SUR,3002050115,0,1,4.571455,-74.121901,2020-06-15T04:51:26.214Z,0001-01-01T04:51:26.214Z,0,0,0,0,0,0,1,604,N/A,N/A,N/A,null
2,315,905662,TROPEZON CL 62 SUR II,CALLE 62 SUR# 86 B - 60,7148371,0,1,4.620352,-74.189362,2020-06-15T04:51:26.214Z,0001-01-01T04:51:26.214Z,0,0,0,0,0,0,1,604,N/A,N/A,N/A,null
2,316,905486,VILLAS DE GRANADA CL 79,CALLE 79 # 112 A - 18 LC 102,3162396975,0,1,4.719047,-74.120727,2020-06-15T04:51:26.214Z,0001-01-01T04:51:26.214Z,0,0,0,0,0,0,1,604,N/A,N/A,N/A,null
2,317,905489,HOSPITAL SAN BLAS,CALLE 19 SUR # 10 - 08 ESTE,3017479256,0,1,4.570383,-74.082358,2020-06-15T04:51:26.214Z,0001-01-01T04:51:26.214Z,0,0,0,0,0,0,1,604,N/A,N/A,N/A,null
2,318,905893,SANTA ROSITA CALLE 75,CALLE 75 # 94 - 31,3114621394,0,1,4.703469,-74.110239,2020-06-15T04:51:26.214Z,0001-01-01T04:51:26.214Z,0,0,0,0,0,0,1,604,N/A,N/A,N/A,null
2,319,905806,LAS FLORES CLL 146 I,CALLE 146 A # 94 D- 10,5516214,0,1,4.74085,-74.087345,2020-06-15T04:51:26.214Z,0001-01-01T04:51:26.214Z,0,0,0,0,0,0,1,604,N/A,N/A,N/A,null
2,320,905905,FONTIBON BOSTON II,CALLE 19 # 104 - 78,3112386861,0,1,4.677197,-74.146095,2020-06-15T04:51:26.214Z,0001-01-01T04:51:26.214Z,0,0,0,0,0,0,1,604,N/A,N/A,N/A,null
2,321,905513,EFECTY PLAZA DE LAS AMERICAS,CARRERA 71 D # 6 - 94 SUR,6341900,0,1,4.618807,-74.135038,2020-06-15T04:51:26.214Z,0001-01-01T04:51:26.214Z,0,0,0,0,0,0,1,604,N/A,N/A,N/A,null
2,322,905247,DIMONEX LA ALQUERIA,CARRERA 52 BIS # 37 A - 96 SUR,3118224599,0,1,4.601793,-74.130341,2020-06-15T04:51:26.214Z,0001-01-01T04:51:26.214Z,0,0,0,0,0,0,1,604,N/A,N/A,N/A,null
2,323,992042,OXXO CHAPINERO,CRA 13 CON 55 ESQUINA,7429100,0,1,4.642429,-74.064767,2020-06-15T04:51:26.214Z,0001-01-01T04:51:26.214Z,0,0,0,0,0,0,1,604,N/A,N/A,N/A,null
2,324,906081,OLIMPICA CALLE 100 AUTOPISTA NORTE,CALLE 100 # 45 - 89 BARRIO LA CASTELLANA,3183900093,0,1,4.686854,-74.059652,2020-06-15T04:51:26.214Z,0001-01-01T04:51:26.214Z,0,0,0,0,0,0,1,604,N/A,N/A,N/A,null
2,325,904590,OXXO PEPE SIERRA,AUTOPISTA NORTE # 114 - 44,3183900093,0,1,4.698252,-74.054801,2020-06-15T04:51:26.214Z,0001-01-01T04:51:26.214Z,0,0,0,0,0,0,1,604,N/A,N/A,N/A,null
2,326,905075,CENTRO COMERCIAL UNICENTRO_,AK 15 # 124 - 30,6341900,0,1,4.702495,-74.042007,2020-06-15T04:51:26.214Z,0001-01-01T04:51:26.214Z,0,0,0,0,0,0,1,604,N/A,N/A,N/A,null
2,327,904798,C.C GRAN PLAZA EL ENSUEÃ‘O,CARRERA 51 # 59 C SUR - 93,6341900,0,1,4.582253,-74.156713,2020-06-15T04:51:26.214Z,0001-01-01T04:51:26.214Z,0,0,0,0,0,0,1,604,N/A,N/A,N/A,null
2,328,905392,VENECIA BOMBEROS II,CARRERA 52 A # 47 A -36 SUR,3143782030,0,1,4.591555,-74.135985,2020-06-15T04:51:26.214Z,0001-01-01T04:51:26.214Z,0,0,0,0,0,0,1,604,N/A,N/A,N/A,null
2,329,904061,DINDALITO CR 93 A SUR,CR 93 A SUR # 42 A - 22,3202580849,0,1,4.641656,-74.174726,2020-06-15T04:51:26.214Z,0001-01-01T04:51:26.214Z,0,0,0,0,0,0,1,604,N/A,N/A,N/A,null
2,330,905419,EXPRESS DIMONEX STA RITA CLL 138,CALLE 138 # 152-07,3166968771,0,1,4.745392,-74.123787,2020-06-15T04:51:26.214Z,0001-01-01T04:51:26.214Z,0,0,0,0,0,0,1,604,N/A,N/A,N/A,null
2,331,903115,SOACHA BARRIO PORTO ALEGRESOACHA,CARRERA 12 # 18C 21,3114601821,0,1,4.586977,-74.214824,2020-06-15T04:51:26.214Z,0001-01-01T04:51:26.214Z,0,0,0,0,0,0,1,543,N/A,N/A,N/A,null
2,332,903269,SAN MATEO CRA 4.SOACHA,CARRERA 4 ESTE # 30B - 18,3144494360,0,1,4.582196,-74.202421,2020-06-15T04:51:26.214Z,0001-01-01T04:51:26.214Z,0,0,0,0,0,0,1,543,N/A,N/A,N/A,null
2,333,901738,QUINTAS DE SANTA ANA,CARRERA 24 A SUR # 1 A 29,3166922881,0,1,4.574188,-74.246062,2020-06-15T04:51:26.214Z,0001-01-01T04:51:26.214Z,0,0,0,0,0,0,1,543,N/A,N/A,N/A,null
2,334,903225,CALLE 32,CARRERA 6 A ESTE # 32 A 10,3508354186,0,1,4.581814,-74.199418,2020-06-15T04:51:26.214Z,0001-01-01T04:51:26.214Z,0,0,0,0,0,0,1,543,N/A,N/A,N/A,null
2,335,901534,AUTOSUR CRA 4,CARRERA 4 # 5 -46,3043687445,0,1,4.575386,-74.223809,2020-06-15T04:51:26.214Z,0001-01-01T04:51:26.214Z,0,0,0,0,0,0,1,543,N/A,N/A,N/A,null
2,336,903590,CC SANTA MARIA PLAZA SOACHA,CALLE 13 # 5 - 41 LOCAL 30,3103059026,0,1,4.580362,-74.218729,2020-06-15T04:51:26.214Z,0001-01-01T04:51:26.214Z,0,0,0,0,0,0,1,543,N/A,N/A,N/A,null
2,337,999556,INSPECCION EL CHIQUITO,CARRERA 1 # 3 - 164,3103410288,0,1,0,0,2020-06-15T04:51:26.214Z,0001-01-01T04:51:26.214Z,0,0,0,0,0,0,1,543,N/A,N/A,N/A,null
2,338,902013,JUAN PABLO,CARRERA 23B # 50 -21,3204373265,0,1,4.597971,-74.192317,2020-06-15T04:51:26.214Z,0001-01-01T04:51:26.214Z,0,0,0,0,0,0,1,543,N/A,N/A,N/A,null
2,339,991654,CORTIJO ,CARRERA 116 A # 82-44,N/A,0,1,4.726543,-74.11985,2020-06-15T04:51:26.214Z,0001-01-01T04:51:26.214Z,0,0,0,0,0,0,1,604,N/A,N/A,N/A,null
2,340,991148,7 DE AGOSTO KR 24,KR 24 # 74 A - 09,N/A,0,1,4.665378,-74.065765,2020-06-15T04:51:26.214Z,0001-01-01T04:51:26.214Z,0,0,0,0,0,0,1,604,N/A,N/A,N/A,null
2,341,905048,BITROIL EDS BIOMAX LA 22 ,CARRERA 13 A # 20 – 49,N/A,0,1,4.609742,-74.074881,2020-06-15T04:51:26.214Z,0001-01-01T04:51:26.214Z,0,0,0,0,0,0,1,604,N/A,N/A,N/A,null
2,342,902391,DIMONEX PERDOMO,CR 72 N 62 G 82 SUR,N/A,0,1,4.588014,-74.167111,2020-06-15T04:51:26.214Z,0001-01-01T04:51:26.214Z,0,0,0,0,0,0,1,604,N/A,N/A,N/A,null
2,343,902096,SAN FRANCISCO CLL64,CLL 64 SUR # 21 A - 29,N/A,0,1,4.565871,-74.146572,2020-06-15T04:51:26.214Z,0001-01-01T04:51:26.214Z,0,0,0,0,0,0,1,604,N/A,N/A,N/A,null
2,344,993261,SIERRA MORENA (T),CALLE 70 SUR N. 72B - 06,N/A,0,1,4.578952,-74.166146,2020-06-15T04:51:26.214Z,0001-01-01T04:51:26.214Z,0,0,0,0,0,0,1,604,N/A,N/A,N/A,null
2,345,901353,YOMASA,CARRERA 4 ESTE NO 87-27 SUR,N/A,0,1,0,0,2020-06-15T04:51:26.214Z,0001-01-01T04:51:26.214Z,0,0,0,0,0,0,1,604,N/A,N/A,N/A,null
2,346,901687,MARRUECOS ,DIAGONAL 48 Y SUR # 5 T - 04,N/A,0,1,4.555249,-74.116484,2020-06-15T04:51:26.214Z,0001-01-01T04:51:26.214Z,0,0,0,0,0,0,1,604,N/A,N/A,N/A,null
2,347,997558,CANDELARIA LA NUEVA II,CALLE 64 # 35 - 03 SUR,N/A,0,1,4.569709,-74.15069,2020-06-15T04:51:26.214Z,0001-01-01T04:51:26.214Z,0,0,0,0,0,0,1,604,N/A,N/A,N/A,null
2,348,904748,SAN VICENTE II,CARRERA 33 # 54 A - 31 SUR,N/A,0,1,4.581597,-74.141031,2020-06-15T04:51:26.214Z,0001-01-01T04:51:26.214Z,0,0,0,0,0,0,1,604,N/A,N/A,N/A,null
2,349,991619,LA CORUÑA   ,CARRERA 48G NÂ° 59A-51 SUR,N/A,0,1,4.578841,-74.154126,2020-06-15T04:51:26.214Z,0001-01-01T04:51:26.214Z,0,0,0,0,0,0,1,604,N/A,N/A,N/A,null
2,350,10400,PERDOMO ::,CR 72 N 62 G 82 SUR Local  117,N/A,0,1,4.587878,-74.167092,2020-06-15T04:51:26.214Z,0001-01-01T04:51:26.214Z,0,0,0,0,0,0,1,604,N/A,N/A,N/A,null
2,351,10673,CENTRO COMERCIAL CARACAS ::   ,CALLE 51 SUR No. 9-30 LOCAL 118,N/A,0,1,4.558044,-74.122216,2020-06-15T04:51:26.214Z,0001-01-01T04:51:26.214Z,0,0,0,0,0,0,1,604,N/A,N/A,N/A,null
2,352,904863,SOACHA - QUINTAS DE LA LAGUNA SOACHA ,CALLE 6 # 6A - 90,N/A,0,1,4.581915,-74.22548,2020-06-15T04:51:26.214Z,0001-01-01T04:51:26.214Z,0,0,0,0,0,0,1,543,N/A,N/A,N/A,null
2,353,998789,SOACHA VILLA CLARA                   ,CRA 18Q #7-10,N/A,0,1,0,0,2020-06-15T04:51:26.214Z,0001-01-01T04:51:26.214Z,0,0,0,0,0,0,1,543,N/A,N/A,N/A,null
2,354,904732,DIMONEX TERRALUNA,CARRERA 6 A ESTE 38 - 91,N/A,0,1,0,0,2020-06-15T04:51:26.214Z,0001-01-01T04:51:26.214Z,0,0,0,0,0,0,1,543,N/A,N/A,N/A,null
2,355,993172,OLAYA CRA. 24 (T) ,KR 24 # 27 - 13 SUR,N/A,0,1,4.584385,-74.109876,2020-06-15T04:51:26.214Z,0001-01-01T04:51:26.214Z,0,0,0,0,0,0,1,604,N/A,N/A,N/A,null
3,1,1,Fondo En Transito CE Spring BOG,Calle 98A No.69B - 65 ,N/A,0,1,4.692085,-74.07601,2020-06-15T04:51:26.214Z,0001-01-01T04:51:26.214Z,0,0,0,0,0,1,1,604,N/A,N/A,N/A,null
3,2,2,Fondo En Transito CE Spring MDE,N/A,N/A,0,1,0,0,2020-06-15T04:51:26.214Z,0001-01-01T04:51:26.214Z,0,0,0,0,0,1,2,754,N/A,N/A,N/A,null
3,4,4,Fondo En Transito CE Spring CLO,N/A,N/A,0,1,0,0,2020-06-15T04:51:26.214Z,0001-01-01T04:51:26.214Z,0,0,0,0,0,1,22,343,N/A,N/A,N/A,null
3,6,6,Fondo En Transito CE Spring BGA,N/A,N/A,0,1,0,0,2020-06-15T04:51:26.214Z,0001-01-01T04:51:26.214Z,0,0,0,0,0,1,19,458,N/A,N/A,N/A,null
3,5,5,Fondo En Transito CE Spring BAQ,N/A,N/A,0,1,0,0,2020-06-15T04:51:26.214Z,0001-01-01T04:51:26.214Z,0,0,0,0,0,1,4,800,N/A,N/A,N/A,null
3,51,P30,SPRING ANTARES SOACHA,CRA 7 NRO 30 B 139 LOCAL 262 C.C GRAN PLAZA SOACHA,N/A,0,1,4.587303,-74.205787,2020-06-15T04:51:26.214Z,0001-01-01T04:51:26.214Z,0,0,0,0,0,0,1,543,N/A,N/A,N/A,null
3,52,S06,SPRING CALLE 100,Calle 99 No 14 - 76 ,N/A,0,1,4.684127,-74.048173,2020-06-15T04:51:26.214Z,0001-01-01T04:51:26.214Z,0,0,0,0,0,0,1,604,N/A,N/A,N/A,null
3,53,S00,SPRING CALLE 120,Autop. Norte No 118 - 74,N/A,0,1,4.702077,-74.054284,2020-06-15T04:51:26.214Z,0001-01-01T04:51:26.214Z,0,0,0,0,0,0,1,604,N/A,N/A,N/A,null
3,54,S02,SPRING CALLE 122,Calle 122 No 18 B 83,N/A,0,1,4.701646,-74.04848,2020-06-15T04:51:26.214Z,0001-01-01T04:51:26.214Z,0,0,0,0,0,0,1,604,N/A,N/A,N/A,null
3,55,S08,SPRING CALLE 146,Autop.  Norte No 150 - 36 ,N/A,0,1,4.732657,-74.049166,2020-06-15T04:51:26.214Z,0001-01-01T04:51:26.214Z,0,0,0,0,0,0,1,604,N/A,N/A,N/A,null
3,56,S11,SPRING SUITE 85,Calle 85 No 12 -29 local 1,N/A,0,1,4.668471,-74.052506,2020-06-15T04:51:26.214Z,0001-01-01T04:51:26.214Z,0,0,0,0,0,0,1,604,N/A,N/A,N/A,null
3,57,Z12,SPRING 12 DE OCTUBRE,Cra. 50 # 73 - 04,N/A,0,1,4.668863,-74.073396,2020-06-15T04:51:26.214Z,0001-01-01T04:51:26.214Z,0,0,0,0,0,0,1,604,N/A,N/A,N/A,null
3,58,Z00,SPRING FERIAS 2,Cl. 72 # 68G - 64,N/A,0,1,4.680621,-74.088147,2020-06-15T04:51:26.214Z,0001-01-01T04:51:26.214Z,0,0,0,0,0,0,1,604,N/A,N/A,N/A,null
3,59,T00,SPRING TEMPUR CL. 84,Cra. 11 # 84 - 09 Amadeo 1,N/A,0,1,4.667106,-74.051998,2020-06-15T04:51:26.214Z,0001-01-01T04:51:26.214Z,0,0,0,0,0,0,1,604,N/A,N/A,N/A,null
3,60,T101,SPRING TEMPUR CL. 109,Cl.109 # 15 - 17,N/A,0,1,4.693045,-74.045063,2020-06-15T04:51:26.214Z,0001-01-01T04:51:26.214Z,0,0,0,0,0,0,1,604,N/A,N/A,N/A,null
3,61,Z01,SPRING AMERICAS,Cra. 68 # 4B -58,N/A,0,1,4.625956,-74.123432,2020-06-15T04:51:26.214Z,0001-01-01T04:51:26.214Z,0,0,0,0,0,0,1,604,N/A,N/A,N/A,null
3,62,Z26,SPRING KENNEDY,Cra 78B # 38C -50 Sur,N/A,0,1,4.620376,-74.152274,2020-06-15T04:51:26.214Z,0001-01-01T04:51:26.214Z,0,0,0,0,0,0,1,604,N/A,N/A,N/A,null
3,63,Z20,SPRING RESTREPO,Cra. 19 # 20 - 31 Sur,N/A,0,1,4.58386,-74.103476,2020-06-15T04:51:26.214Z,0001-01-01T04:51:26.214Z,0,0,0,0,0,0,1,604,N/A,N/A,N/A,null
3,64,P61,SPRING SANTA MONICA,Av 6A # 25N - 78,N/A,0,1,3.469302,-76.530322,2020-06-15T04:51:26.214Z,0001-01-01T04:51:26.214Z,0,0,0,0,0,0,22,343,N/A,N/A,N/A,null
3,65,P60,SPRING AV. 8VA,Av8va Norte # 10N -145,N/A,0,1,3.4569,-76.535192,2020-06-15T04:51:26.214Z,0001-01-01T04:51:26.214Z,0,0,0,0,0,0,22,343,N/A,N/A,N/A,null
3,66,S64,SPRING CIUDAD JARDIN,Cl. 16 # 100A - 113,N/A,0,1,3.365969,-76.530648,2020-06-15T04:51:26.214Z,0001-01-01T04:51:26.214Z,0,0,0,0,0,0,22,343,N/A,N/A,N/A,null
3,67,S62,SPRING ROOSEVELT,Av Roosevelt # 39 - 25 Local 101,N/A,0,1,3.421867,-76.54168,2020-06-15T04:51:26.214Z,0001-01-01T04:51:26.214Z,0,0,0,0,0,0,22,343,N/A,N/A,N/A,null
3,68,Z50,SPRING SAN JUAN,Cr. 65 # 33A - 05,N/A,0,1,6.2437762,-75.583267,2020-06-15T04:51:26.214Z,0001-01-01T04:51:26.214Z,0,0,0,0,0,0,2,754,N/A,N/A,N/A,null
3,69,S70,SPRING CABECERA,Cra 35 # 46 -143,N/A,0,1,7.117018,-73.109728,2020-06-15T04:51:26.214Z,0001-01-01T04:51:26.214Z,0,0,0,0,0,0,19,458,N/A,N/A,N/A,null
3,70,S80,SPRING CL. 84,Cl. 84 # 53 - 21 Local 101,N/A,0,1,11.007608,-74.815969,2020-06-15T04:51:26.214Z,0001-01-01T04:51:26.214Z,0,0,0,0,0,0,4,800,N/A,N/A,N/A,null
3,71,T80,SPRING TEMPUR BARRANQUILLA,Cl. 84 # 53 - 21 Local 103,N/A,0,1,11.007608,-74.815969,2020-06-15T04:51:26.214Z,0001-01-01T04:51:26.214Z,0,0,0,0,0,0,4,800,N/A,N/A,N/A,null
3,72,S88,SPRING CRA. 52,Cl. 76 # 52 - 08,N/A,0,1,11.002215,-74.806514,2020-06-15T04:51:26.214Z,0001-01-01T04:51:26.214Z,0,0,0,0,0,0,4,800,N/A,N/A,N/A,null
4,1,1,Fondo ATM PyP Ingenieros BOG,Calle 98A No.69B - 65 ,N/A,0,1,4.692085,-74.07601,2020-06-15T04:51:26.214Z,0001-01-01T04:51:26.214Z,0,0,0,0,0,1,1,604,N/A,N/A,N/A,null
4,2,2,Fondo ATM PyP Ingenieros MDE,N/A,N/A,0,1,0,0,2020-06-15T04:51:26.214Z,0001-01-01T04:51:26.214Z,0,0,0,0,0,1,2,754,N/A,N/A,N/A,null
6,51,51,Nuestra  IPS  CMF CALLE 80,CMF CALLE 80   AV.CLL.80 No.116B-35,N/A,0,1,4.725001,-74.124287,2020-06-15T04:51:26.214Z,0001-01-01T04:51:26.214Z,0,0,0,0,0,0,1,604,N/A,N/A,N/A,null
6,52,52,Nuestra IPS LOS ANGELES ,TRASV.44 No. 52G SUR- 16,N/A,0,1,4.588817,-74.140539,2020-06-15T04:51:26.214Z,0001-01-01T04:51:26.214Z,0,0,0,0,0,0,1,604,N/A,N/A,N/A,null
6,53,53,Nuestra  IPS OLAYA ,Calle 27 Sur No. 20-14,N/A,0,1,4.581742,-74.108215,2020-06-15T04:51:26.214Z,0001-01-01T04:51:26.214Z,0,0,0,0,0,0,1,604,N/A,N/A,N/A,null
6,54,54,Nuestra  IPS VENECIA,"DG 49 N,51-52 SUR",N/A,0,1,4.591649,-74.139166,2020-06-15T04:51:26.214Z,0001-01-01T04:51:26.214Z,0,0,0,0,0,0,1,604,N/A,N/A,N/A,null
6,55,55,Nuestra IPS VERAGUAS,Cra 30 No 2 - 31,N/A,0,1,4.602434,-74.102007,2020-06-15T04:51:26.214Z,0001-01-01T04:51:26.214Z,0,0,0,0,0,0,1,604,N/A,N/A,N/A,null
6,56,56,Nuestra IPS  CMF 1 DE MAYO SEDE II,CALLE 22 SUR N. 29-62,N/A,0,1,4.591614,-74.110298,2020-06-15T04:51:26.214Z,0001-01-01T04:51:26.214Z,0,0,0,0,0,0,1,604,N/A,N/A,N/A,null
6,57,57,Nuestra IPS AV.68,AV 68 No.13-71,N/A,0,1,4.638882,-74.117004,2020-06-15T04:51:26.214Z,0001-01-01T04:51:26.214Z,0,0,0,0,0,0,1,604,N/A,N/A,N/A,null
6,58,58,Nuestra IPS CIUDAD BERNA 1 ,Calle 8 Sur No.13 - 05,N/A,0,1,4.587035,-74.092522,2020-06-15T04:51:26.214Z,0001-01-01T04:51:26.214Z,0,0,0,0,0,0,1,604,N/A,N/A,N/A,null
6,59,59,Nuestra IPS BOSA,CALLE 65 Sur No 78L-65,N/A,0,1,4.606058,-74.184348,2020-06-15T04:51:26.214Z,0001-01-01T04:51:26.214Z,0,0,0,0,0,0,1,604,N/A,N/A,N/A,null
6,1,1,Fondo En Transito CE Nuestra IPS BOG,Calle 98A No.69B - 65 ,N/A,0,1,4.692085,-74.07601,2020-06-15T04:51:26.214Z,0001-01-01T04:51:26.214Z,0,0,0,0,0,1,1,604,N/A,N/A,N/A,null
6,40,40,Consignación Banco de Bogotá,Oficina Bancaria,N/A,0,1,0,0,2020-06-15T04:51:26.214Z,0001-01-01T04:51:26.214Z,0,0,0,0,0,0,1,604,N/A,N/A,N/A,null
7,1,1,Fondo En Transito CE ACEMAR BOG,Calle 98A No.69B - 65 ,N/A,0,1,4.692085,-74.07601,2020-06-15T04:51:26.214Z,0001-01-01T04:51:26.214Z,0,0,0,0,0,1,1,604,N/A,N/A,N/A,null
7,2,2,Fondo En Transito CE ACEMAR MDE,N/A,N/A,0,1,0,0,2020-06-15T04:51:26.214Z,0001-01-01T04:51:26.214Z,0,0,0,0,0,1,2,754,N/A,N/A,N/A,null
7,40,40,Consignación Bancolombia,Oficina Bancaria,N/A,0,1,0,0,2020-06-15T04:51:26.214Z,0001-01-01T04:51:26.214Z,0,0,0,0,0,0,1,604,N/A,N/A,N/A,null
7,41,41,Consignación Davivienda,Oficina Bancaria,N/A,0,1,0,0,2020-06-15T04:51:26.214Z,0001-01-01T04:51:26.214Z,0,0,0,0,0,0,1,604,N/A,N/A,N/A,null
7,51,51,ACEMAR CENTRO,Diag. 23 Bis # 19B - 47,N/A,0,1,4.618802,-74.078876,2020-06-15T04:51:26.214Z,0001-01-01T04:51:26.214Z,0,0,0,1,0,0,1,604,N/A,N/A,N/A,null
7,52,52,ACEMAR NORTE,Autop. Norte # 120 - 19,N/A,0,1,4.702099,-74.055099,2020-06-15T04:51:26.214Z,0001-01-01T04:51:26.214Z,0,0,0,1,0,0,1,604,N/A,N/A,N/A,null
7,53,53,ACEMAR BOYACA,Cl. 72 # 74A  32  Lc 102,N/A,0,1,4.689649,-74.097537,2020-06-15T04:51:26.214Z,0001-01-01T04:51:26.214Z,0,0,0,1,0,0,1,604,N/A,N/A,N/A,null
7,54,54,ACEMAR MEDELLIN,Cl. 48 # 56 - 56 Barrio Guayaquil,N/A,0,1,6.250008,-75.57455,2020-06-15T04:51:26.214Z,0001-01-01T04:51:26.214Z,0,0,0,1,0,0,2,754,N/A,N/A,N/A,null
8,1,1,Fondo En Transito CE CADENA BOG,Calle 98A No.69B - 65 ,N/A,0,1,4.692085,-74.07601,2020-06-15T04:51:26.214Z,0001-01-01T04:51:26.214Z,0,0,0,0,0,1,1,604,N/A,N/A,N/A,null
8,51,51,CADENA MONTEVIDEO,Cra. 68B # 17 - 73 Montevideo,N/A,0,1,4.643619,-74.115855,2020-06-15T04:51:26.214Z,0001-01-01T04:51:26.214Z,0,0,0,0,0,0,1,604,N/A,N/A,N/A,null
9,1,1,Fondo En Transito CE ILKO BOG,Calle 98A No.69B - 65 ,N/A,0,1,4.692085,-74.07601,2020-06-15T04:51:26.214Z,0001-01-01T04:51:26.214Z,0,0,0,0,0,1,1,604,N/A,N/A,N/A,null
9,40,40,Consignación Banco de Bogotá,Oficina Bancaria,N/A,0,1,0,0,2020-06-15T04:51:26.214Z,0001-01-01T04:51:26.214Z,0,0,0,0,0,0,1,604,N/A,N/A,N/A,null
9,51,51,ILKO FLORESTA,Cra. 67 # 100 20 Loc 103,N/A,0,1,4.689964,-74.070814,2020-06-15T04:51:26.214Z,0001-01-01T04:51:26.214Z,0,0,0,0,0,0,1,604,N/A,N/A,N/A,null
10,1,1,Fondo CE Colsubsidio BOG,Calle 98A No.69B - 65 ,N/A,0,1,4.692085,-74.07601,2020-06-15T04:51:26.214Z,0001-01-01T04:51:26.214Z,0,0,0,0,0,1,1,604,N/A,N/A,N/A,null
10,51,1524,BARRIOS UNIDOS-DISPENSARIO,"CR,  52  NO. 67 A - 30 ",N/A,0,1,4.665118,-74.078009,2020-06-15T04:51:26.214Z,0001-01-01T04:51:26.214Z,0,0,1,0,0,0,1,604,N/A,N/A,N/A,null
10,52,1531,SF BOLIVIA-DISPENSARIO,CARRERA 47 # 55 - 20 ,N/A,0,1,4.6647273,-74.0782788,2020-06-15T04:51:26.214Z,0001-01-01T04:51:26.214Z,0,0,1,0,0,0,1,604,N/A,N/A,N/A,null
10,53,1705,SF COLSUBSIDIO  CALLE 100-DISPENSARIO,AK 45 NO 101-03 / 07 LC 103 Y 104,N/A,0,1,4.686304,-74.056839,2020-06-15T04:51:26.214Z,0001-01-01T04:51:26.214Z,0,0,1,0,0,0,1,604,N/A,N/A,N/A,null
10,54,1484,TEUSAQUILLO-DISPENSARIO,Calle 48 No. 14-90,N/A,0,1,4.635629,-74.068132,2020-06-15T04:51:26.214Z,0001-01-01T04:51:26.214Z,0,0,1,0,0,0,1,604,N/A,N/A,N/A,null
10,55,1482,MINUTO DE DIOS-DISPENSARIO,Cra 76 N° 73A  - 03 B. Tabora,N/A,0,1,4.696732,-74.091252,2020-06-15T04:51:26.214Z,0001-01-01T04:51:26.214Z,0,0,1,0,0,0,1,604,N/A,N/A,N/A,null
10,56,1704,SF COLSUBSIDIO HEROES -DISPENSARIO,AV 13 NO 78-30 LC 61,N/A,0,1,4.665804,-74.060484,2020-06-15T04:51:26.214Z,0001-01-01T04:51:26.214Z,0,0,1,0,0,0,1,604,N/A,N/A,N/A,null
10,57,1554,TOBERIN-DISPENSARIO,Cra. 21 No. 161 A -19 Barrio Toberin,N/A,0,1,4.742306,-74.045554,2020-06-15T04:51:26.214Z,0001-01-01T04:51:26.214Z,0,0,1,0,0,0,1,604,N/A,N/A,N/A,null
10,58,1530,FONTIBÓN-DISPENSARIO,CRA 100 #24D-20 L 1,N/A,0,1,4.671853,-74.145039,2020-06-15T04:51:26.214Z,0001-01-01T04:51:26.214Z,0,0,1,0,0,0,1,604,N/A,N/A,N/A,null
10,59,1544,QUIROGA-DISPENSARIO,AV CARACAS # 37-39 SUR,N/A,0,1,4.576469,-74.118802,2020-06-15T04:51:26.214Z,0001-01-01T04:51:26.214Z,0,0,1,0,0,0,1,604,N/A,N/A,N/A,null
10,60,1467,BOSA-DISPENSARIO,CR.  77  J  NO. 65 B - 19,N/A,0,1,4.598346,-74.183472,2020-06-15T04:51:26.214Z,0001-01-01T04:51:26.214Z,0,0,1,0,0,0,1,604,N/A,N/A,N/A,null
10,61,1466,AVENIDA DE LAS AMERICAS-DISPENSARIO,CALLE 5 A No. 60-24,N/A,0,1,4.627617,-74.134507,2020-06-15T04:51:26.214Z,0001-01-01T04:51:26.214Z,0,0,1,0,0,0,1,604,N/A,N/A,N/A,null
10,62,1549,BIOMAB-DISPENSARIO,Calle 48 No. 13-86,N/A,0,1,4.635417,-74.066884,2020-06-15T04:51:26.214Z,0001-01-01T04:51:26.214Z,0,0,1,0,0,0,1,604,N/A,N/A,N/A,null
10,63,3322,CARROS VENDING - UGPP-RECREACION,AV CALLE 26 # 69B - 45 P 8,N/A,0,1,4.6590181,-74.1081191,2020-06-15T04:51:26.214Z,0001-01-01T04:51:26.214Z,0,0,1,0,0,0,1,604,N/A,N/A,N/A,null
10,64,37,CAFÉ EXPRES CALLE 195-RECREACION,CALLE 195 No. 48-55,N/A,0,1,4.772268,-74.047741,2020-06-15T04:51:26.214Z,0001-01-01T04:51:26.214Z,0,0,1,0,0,0,1,604,N/A,N/A,N/A,null
10,65,1777,SF RESTREPO-DISPENSARIO,Transv 21A N° 21A -34  1er piso,N/A,0,1,4.586063,-74.103536,2020-06-15T04:51:26.214Z,0001-01-01T04:51:26.214Z,0,0,1,0,0,0,1,604,N/A,N/A,N/A,null
10,66,51,SURA  PLAZA DE LAS AMERICAS-SALUD,CENTRO COMERCIAL PLAZA DE LAS AMERICAS LOCAL 3505 TRANSV 71D 2694,N/A,0,1,4.589594,-74.089987,2020-06-15T04:51:26.214Z,0001-01-01T04:51:26.214Z,0,0,1,0,0,0,1,604,N/A,N/A,N/A,null
10,67,1517,UBA QUIRIGUA-DISPENSARIO,AV CALLE 80 # 92-27,N/A,0,1,4.589564,-74.089976,2020-06-15T04:51:26.214Z,0001-01-01T04:51:26.214Z,0,0,1,0,0,0,1,604,N/A,N/A,N/A,null
10,68,1569,SURA BOGOTÁ-DISPENSARIO,CLL 31 # 13A-52 TORR-1 L-4 SOT-2,N/A,0,1,4.618252,-74.070422,2020-06-15T04:51:26.214Z,0001-01-01T04:51:26.214Z,0,0,1,0,0,0,1,604,N/A,N/A,N/A,null
10,69,1686,SF KENNEDY-DISPENSARIO,Tranversal 73 D No. 38 C-09 Sur,N/A,0,1,4.635157,-74.163387,2020-06-15T04:51:26.214Z,0001-01-01T04:51:26.214Z,0,0,1,0,0,0,1,604,N/A,N/A,N/A,null
10,70,1488,SF SOACHA -DISPENSARIO,CRA 7 N° 16-59,N/A,0,1,4.588419,-74.195641,2020-06-15T04:51:26.214Z,0001-01-01T04:51:26.214Z,0,0,1,0,0,0,1,543,N/A,N/A,N/A,null
10,71,1750,SERVICIO FARMACEUTICO BOSA AC-DISPENSARIO,Calle 65 sur No 78F 28/20,N/A,0,1,4.621701,-74.17792,2020-06-15T04:51:26.214Z,0001-01-01T04:51:26.214Z,0,0,1,0,0,0,1,604,N/A,N/A,N/A,null
10,72,1693,SF PORTAL DE LA CIUDADELA-DISPENSARIO,CALLE 80 A No. 112-23 ROTONDA,N/A,0,1,4.719693,-74.119154,2020-06-15T04:51:26.214Z,0001-01-01T04:51:26.214Z,0,0,1,0,0,0,1,604,N/A,N/A,N/A,null
10,73,1780,SERVICIO  FARMACEUTICO  CHICALA-DISPENSARIO,Cra. 82B  N° 53B - 06 Sur,N/A,0,1,4.621709,-74.177934,2020-06-15T04:51:26.214Z,0001-01-01T04:51:26.214Z,0,0,1,0,0,0,1,604,N/A,N/A,N/A,null
10,74,1437,DROGUERIA COLMOTORES-DROGUERIA,AVDA BOYACA CALLE 56 A SUR  # 33- 53,N/A,0,1,4.582229,-74.143686,2020-06-15T04:51:26.214Z,0001-01-01T04:51:26.214Z,0,0,1,0,0,0,1,604,N/A,N/A,N/A,null
10,75,3318,CM UNICENTRO OCCIDENTE-DISPENSARIO,CRA. 111C # 84-76,N/A,0,1,4.723309,-74.114494,2020-06-15T04:51:26.214Z,0001-01-01T04:51:26.214Z,0,0,1,0,0,0,1,604,N/A,N/A,N/A,null
10,76,1346,UNIVERSIDAD NACIONAL-DISPENSARIO,CRA 45 # 26 85 ED URIEL GUTIERREZ P 1,N/A,0,1,4.722851,-74.114786,2020-06-15T04:51:26.214Z,0001-01-01T04:51:26.214Z,0,0,1,0,0,0,1,604,N/A,N/A,N/A,null
10,77,28,CENTRO MEDICO SURA AVENIDA BOYACA-SALUD,Avenida Boyacá No 63f-49,N/A,0,1,4.676606,-74.10309,2020-06-15T04:51:26.214Z,0001-01-01T04:51:26.214Z,0,0,1,0,0,0,1,604,N/A,N/A,N/A,null
10,78,1711,SF PRIMERA DE MAYO-DISPENSARIO,Tr. 78 H  N° 42 A -17  Sur,N/A,0,1,4.615116,-74.161224,2020-06-15T04:51:26.214Z,0001-01-01T04:51:26.214Z,0,0,1,0,0,0,1,604,N/A,N/A,N/A,null
10,79,1724,SF CALLE 80-DISPENSARIO,Calle 31 A No 81-79,N/A,0,1,0,0,2020-06-15T04:51:26.214Z,0001-01-01T04:51:26.214Z,0,0,1,0,0,0,1,604,N/A,N/A,N/A,null
10,80,1708,SF COLSUBSIDIO ROMA -DISPENSARIO,CALLE 52 SUR NO 80-19,N/A,0,1,4.616493,-74.172718,2020-06-15T04:51:26.214Z,0001-01-01T04:51:26.214Z,0,0,1,0,0,0,1,604,N/A,N/A,N/A,null
10,81,1774,SERVICIO FARMACÉUTICO SUBA ACUARELA-DISPENSARIO,Calle 145 No 92-30 CC Acuarela Local 006,N/A,0,1,4.738702,-74.086427,2020-06-15T04:51:26.214Z,0001-01-01T04:51:26.214Z,0,0,1,0,0,0,1,604,N/A,N/A,N/A,null
10,82,1777,SF RESTREPO-DISPENSARIO,Transv 21A N° 21A -34  1er piso,N/A,0,1,4.58447,-74.104499,2020-06-15T04:51:26.214Z,0001-01-01T04:51:26.214Z,0,0,1,0,0,0,1,604,N/A,N/A,N/A,null
10,83,1783,SERVICIO FARMACEUTICO FONTIBON-DISPENSARIO,Calle 17 N° 114 - 12 Loc. 1 y 2,N/A,0,1,4.682406,-74.154323,2020-06-15T04:51:26.214Z,0001-01-01T04:51:26.214Z,0,0,1,0,0,0,1,604,N/A,N/A,N/A,null
10,84,3333,CARROS VENDING - ITAU-RECREACION,Carrera 7 N°99 - 53,N/A,0,1,4.67988,-74.039031,2020-06-15T04:51:26.214Z,0001-01-01T04:51:26.214Z,0,0,1,0,0,0,1,604,N/A,N/A,N/A,null
10,85,3340,CARROS VENDING - ITAU FLORESTA-RECREACION,CARRERA 69 # 98 A - 11,N/A,0,1,4.692012,-74.074624,2020-06-15T04:51:26.214Z,0001-01-01T04:51:26.214Z,0,0,1,0,0,0,1,604,N/A,N/A,N/A,null
10,86,60000,SF. NIZA SURA-DISPENSARIO,Calle 127 No 70 D – 85,N/A,0,1,4.710673,-74.074964,2020-06-15T04:51:26.214Z,0001-01-01T04:51:26.214Z,0,0,1,0,0,0,1,604,N/A,N/A,N/A,null
10,87,1789,SF. CHAPINERO SURA-DISPENSARIO,Cra 7 No 56-29,N/A,0,1,4.642334,-74.062266,2020-06-15T04:51:26.214Z,0001-01-01T04:51:26.214Z,0,0,1,0,0,0,1,604,N/A,N/A,N/A,null
10,88,1790,SF. OLAYA SURA-DISPENSARIO,Cra 19 F #  27 Sur  - 02 ,N/A,0,1,4.581238,-74.108062,2020-06-15T04:51:26.214Z,0001-01-01T04:51:26.214Z,0,0,1,0,0,0,1,604,N/A,N/A,N/A,null
10,89,1791,SF.  SURA SUR-DISPENSARIO,Cra. 13 No 2-56 Sur,N/A,0,1,4.589561,-74.089972,2020-06-15T04:51:26.214Z,0001-01-01T04:51:26.214Z,0,0,1,0,0,0,1,604,N/A,N/A,N/A,null
10,90,1792,SF.  SOACHA SURA-DISPENSARIO,Calle 49 No 7 – 21  Leon XIII,N/A,0,1,4.593271,-74.192444,2020-06-15T04:51:26.214Z,0001-01-01T04:51:26.214Z,0,0,1,0,0,0,1,543,N/A,N/A,N/A,null
10,91,1793,SF.  AMERICAS SURA-DISPENSARIO,Calle 6ª  No 71b -30,N/A,0,1,4.630707,-74.134644,2020-06-15T04:51:26.214Z,0001-01-01T04:51:26.214Z,0,0,1,0,0,0,1,604,N/A,N/A,N/A,null
10,92,1794,SF.  KENNEDY  SURA-DISPENSARIO,Calle 35ª sur No 78k-17,N/A,0,1,4.625989,-74.151964,2020-06-15T04:51:26.214Z,0001-01-01T04:51:26.214Z,0,0,1,0,0,0,1,604,N/A,N/A,N/A,null
10,93,1796,SF. AV. BOYACA SURA-DISPENSARIO,Cra. 73bis No 64ª -80,N/A,0,1,4.678136,-74.103314,2020-06-15T04:51:26.214Z,0001-01-01T04:51:26.214Z,0,0,1,0,0,0,1,604,N/A,N/A,N/A,null
5,51,732,MOVISTAR FLORESTA,N/A,N/A,0,2,0,0,2020-06-15T04:51:26.214Z,0001-01-01T04:51:26.214Z,0,0,0,0,0,0,1,604,N/A,N/A,N/A,null
5,52,730,MOVISTAR CHAPINERO,N/A,N/A,0,2,0,0,2020-06-15T04:51:26.214Z,0001-01-01T04:51:26.214Z,0,0,0,0,0,0,1,604,N/A,N/A,N/A,null
5,53,731,MOVISTAR CC MULTIPLAZA,N/A,N/A,0,2,0,0,2020-06-15T04:51:26.214Z,0001-01-01T04:51:26.214Z,0,0,0,0,0,0,1,604,N/A,N/A,N/A,null
5,54,737,MOVISTAR CC PARQUE LA COLINA,N/A,N/A,0,2,0,0,2020-06-15T04:51:26.214Z,0001-01-01T04:51:26.214Z,0,0,0,0,0,0,1,604,N/A,N/A,N/A,null
5,55,733,MOVISTAR PREMIUM PLAZA 733,N/A,N/A,0,2,0,0,2020-06-15T04:51:26.214Z,0001-01-01T04:51:26.214Z,0,0,0,0,0,0,2,754,N/A,N/A,N/A,null
5,56,734,MOVISTAR PREMIUM PLAZA 734,N/A,N/A,0,2,0,0,2020-06-15T04:51:26.214Z,0001-01-01T04:51:26.214Z,0,0,0,0,0,0,2,754,N/A,N/A,N/A,null
5,57,57,MOVISTAR MAYORCA,N/A,N/A,0,2,0,0,2020-06-15T04:51:26.214Z,0001-01-01T04:51:26.214Z,0,0,0,0,0,0,2,754,N/A,N/A,N/A,null
10,94,601,CLINICA  EL  LAGO-PUNTO AGIL,CALLE 75 # 13-37,N/A,0,2,4.661353,-74.058898,2020-06-15T04:51:26.214Z,0001-01-01T04:51:26.214Z,0,0,0,0,0,0,1,604,N/A,N/A,N/A,null
10,95,1211,CHICALA CM-PUNTO AGIL,Carrera 85 C  No. 53 Sur – 21,N/A,0,2,4.623687,-74.178868,2020-06-15T04:51:26.214Z,0001-01-01T04:51:26.214Z,0,0,0,0,0,0,1,604,N/A,N/A,N/A,null
10,96,1232,USAQUEN CSC II-PUNTO AGIL,Avenida    7  No.  123 – 65   Piso  2 Of. 201,N/A,0,2,4.698949,-74.029365,2020-06-15T04:51:26.214Z,0001-01-01T04:51:26.214Z,0,0,0,0,0,0,1,604,N/A,N/A,N/A,null
10,97,2101,CM SANTA LIBRADA-PUNTO AGIL,AVDA. USME NO 43-28 SUR,N/A,0,2,4.512428,-74.114976,2020-06-15T04:51:26.214Z,0001-01-01T04:51:26.214Z,0,0,0,0,0,0,1,604,N/A,N/A,N/A,null
10,98,2212,CM FUNZA-PUNTO AGIL,Carrera 9 No 17A – 95  Piso   1 ,N/A,1,2,4.7154,"-74,206441",2020-06-15T04:51:26.214Z,0001-01-01T04:51:26.214Z,0,0,0,0,0,0,1,862,N/A,N/A,N/A,null
10,99,2311,CIUDADELA CM-PUNTO AGIL,Carrera 111A  No 82-36  Piso 1,N/A,0,2,4.720756,-74.114905,2020-06-15T04:51:26.214Z,0001-01-01T04:51:26.214Z,0,0,0,0,0,0,1,604,N/A,N/A,N/A,null
10,100,2601,CM CLL 26-PUNTO AGIL,CALLE 26 # 24-34,N/A,0,2,4.622596,-74.077633,2020-06-15T04:51:26.214Z,0001-01-01T04:51:26.214Z,0,0,0,0,0,0,1,604,N/A,N/A,N/A,null
10,101,2602,CM CLL 26 II-PUNTO AGIL,CALLE 26 # 24-34,N/A,0,2,4.622596,-74.077633,2020-06-15T04:51:26.214Z,0001-01-01T04:51:26.214Z,0,0,0,0,0,0,1,604,N/A,N/A,N/A,null
10,102,2611,CLL 26 CSC  I-PUNTO AGIL,CALLE 26 N 25-50 ANTIGUA AGENCIA DE VIAJES,N/A,0,2,4.622596,-74.077633,2020-06-15T04:51:26.214Z,0001-01-01T04:51:26.214Z,0,0,0,0,0,0,1,604,N/A,N/A,N/A,null
10,103,2612,CLL 26 CSC  II-PUNTO AGIL,CALLE 26 N 25-50 ANTIGUA AGENCIA DE VIAJES  LOC  1,N/A,0,2,4.622596,-74.077633,2020-06-15T04:51:26.214Z,0001-01-01T04:51:26.214Z,0,0,0,0,0,0,1,604,N/A,N/A,N/A,null
10,104,2911,CM USAQUEN I-PUNTO AGIL,Av. Carrera  7  No. 123-65  Piso  1,N/A,0,2,4.698949,-74.029365,2020-06-15T04:51:26.214Z,0001-01-01T04:51:26.214Z,0,0,0,0,0,0,1,604,N/A,N/A,N/A,null
10,105,3101,CM 1 DE MAYO-PUNTO AGIL,DIAG. 30 SUR N 79-41,N/A,0,2,4.615127,-74.161231,2020-06-15T04:51:26.214Z,0001-01-01T04:51:26.214Z,0,0,0,0,0,0,1,604,N/A,N/A,N/A,null
10,106,3251,CENTRO MAYOR I-PUNTO AGIL,C.C. Centro Mayor Local LM07 Y LM07A. Cll 38 A Sur No. 34D-50,N/A,0,2,4.592321,-74.123831,2020-06-15T04:51:26.214Z,0001-01-01T04:51:26.214Z,0,0,0,0,0,0,1,604,N/A,N/A,N/A,null
10,107,3252,CENTRO MAYOR II-PUNTO AGIL,C.C. Centro Mayor Local LM07 Y LM07A. Cll 38 A Sur No. 34D-50,N/A,0,2,4.592321,-74.123831,2020-06-15T04:51:26.214Z,0001-01-01T04:51:26.214Z,0,0,0,0,0,0,1,604,N/A,N/A,N/A,null
10,108,3258,CSC SUBA I-PUNTO AGIL,AV CALLE 145 #103B-65 LOCAL 106  OF 1,N/A,0,2,4.745704,-74.09611,2020-06-15T04:51:26.214Z,0001-01-01T04:51:26.214Z,0,0,0,0,0,0,1,604,N/A,N/A,N/A,null
10,109,3259,CSC SUBA II-PUNTO AGIL,AV CALLE 145 #103B-65 LOCAL 106 OF. 2,N/A,0,2,4.745704,-74.09611,2020-06-15T04:51:26.214Z,0001-01-01T04:51:26.214Z,0,0,0,0,0,0,1,604,N/A,N/A,N/A,null
10,110,3261,CSC PTE ARANDA  I-PUNTO AGIL,Calle 13 N° 65-21 C. CCIAL. PASEO AVENIDA CENTENARIO LOCALES 3 ,N/A,0,2,4.634218,-74.115808,2020-06-15T04:51:26.214Z,0001-01-01T04:51:26.214Z,0,0,0,0,0,0,1,604,N/A,N/A,N/A,null
10,111,3262, CSC PTE ARANDA   II-PUNTO AGIL,Calle 13 N° 65-21 C. CCIAL. PASEO AVENIDA CENTENARIO LOCALES  2,N/A,0,2,4.634218,-74.115808,2020-06-15T04:51:26.214Z,0001-01-01T04:51:26.214Z,0,0,0,0,0,0,1,604,N/A,N/A,N/A,null
10,112,3263,CM SOACHA-PUNTO AGIL,CRA 7 # 16-59,N/A,0,2,4.582369,-74.216009,2020-06-15T04:51:26.214Z,0001-01-01T04:51:26.214Z,0,0,0,0,0,0,1,543,N/A,N/A,N/A,null
10,113,3264,CM FUNZA II-PUNTO AGIL,CRA. 9 # 17 A - 95 FUNZA,N/A,1,2,4.7154,-74.206441,2020-06-15T04:51:26.214Z,0001-01-01T04:51:26.214Z,0,0,0,0,0,0,1,862,N/A,N/A,N/A,null
10,114,3268,CLÍNICA EL LAGO II-PUNTO AGIL,CALLE 75 # 13-37,N/A,0,2,4.661239,-74.058933,2020-06-15T04:51:26.214Z,0001-01-01T04:51:26.214Z,0,0,0,0,0,0,1,604,N/A,N/A,N/A,null
10,115,3270,CSC FUNZA-PUNTO AGIL,CRA. 9 # 17 A - 95 FUNZA,N/A,1,2,4.7154,-74.206441,2020-06-15T04:51:26.214Z,0001-01-01T04:51:26.214Z,0,0,0,0,0,0,1,862,N/A,N/A,N/A,null
10,116,3271,CSC FUSAGASUGA-PUNTO AGIL,Carrera 5  No. 7 – 03  Piso  2,N/A,1,2,4.343384,-74.360956,2020-06-15T04:51:26.214Z,0001-01-01T04:51:26.214Z,0,0,0,0,0,0,1,860,N/A,N/A,N/A,null
10,117,3273,CSC AV CHILE-PUNTO AGIL,CRA 11 N 73-40,N/A,0,2,4.658674,-74.057535,2020-06-15T04:51:26.214Z,0001-01-01T04:51:26.214Z,0,0,0,0,0,0,1,604,N/A,N/A,N/A,null
10,118,3276,CSC TINTAL I-PUNTO AGIL,Centro Comercial Tintal,N/A,0,2,4.643295,-74.156776,2020-06-15T04:51:26.214Z,0001-01-01T04:51:26.214Z,0,0,0,0,0,0,1,604,N/A,N/A,N/A,null
10,119,3280,CM USAQUEN II-PUNTO AGIL,Avenida    7  No.  123 – 65   Piso  2 Of. 201,N/A,0,2,4.698949,-74.029365,2020-06-15T04:51:26.214Z,0001-01-01T04:51:26.214Z,0,0,0,0,0,0,1,604,N/A,N/A,N/A,null
10,120,3282,CM UNICENTRO OCC-PUNTO AGIL,CRA. 111C # 84-76,N/A,0,2,4.72272,-74.113554,2020-06-15T04:51:26.214Z,0001-01-01T04:51:26.214Z,0,0,0,0,0,0,1,604,N/A,N/A,N/A,null
10,121,3284,CM CALLE 26-PUNTO AGIL,CALLE 26 # 24-34 piso 2,N/A,0,2,4.622596,-74.077633,2020-06-15T04:51:26.214Z,0001-01-01T04:51:26.214Z,0,0,0,0,0,0,1,604,N/A,N/A,N/A,null
10,122,3285,CM FONTIBON-PUNTO AGIL,CALLE 17 # 114 -12 CTRO CCIAL VILLA NUEVA,N/A,0,2,4.682494,-74.153957,2020-06-15T04:51:26.214Z,0001-01-01T04:51:26.214Z,0,0,0,0,0,0,1,604,N/A,N/A,N/A,null
10,123,3287,CM IPANEMA-PUNTO AGIL,CALLE 26 SUR  No. 93D - 16,N/A,0,2,4.648723,-74.167893,2020-06-15T04:51:26.214Z,0001-01-01T04:51:26.214Z,0,0,0,0,0,0,1,604,N/A,N/A,N/A,null
10,124,3288,CM LA MESA-PUNTO AGIL,CALLE 4 NO. 22-50,N/A,1,2,4.629534,-74.464151,2020-06-15T04:51:26.214Z,0001-01-01T04:51:26.214Z,0,0,0,0,0,0,1,959,N/A,N/A,N/A,null
10,125,3289,CM PUENTE ARANDA-PUNTO AGIL,CALLE 13 # 63-80,N/A,0,2,4.634714,-74.114548,2020-06-15T04:51:26.214Z,0001-01-01T04:51:26.214Z,0,0,0,0,0,0,1,604,N/A,N/A,N/A,null
10,126,3290,CM QUIROGA-PUNTO AGIL,AV. CARACAS NO. 37 - 39  SUR,N/A,0,2,4.576548,-74.118786,2020-06-15T04:51:26.214Z,0001-01-01T04:51:26.214Z,0,0,0,0,0,0,1,604,N/A,N/A,N/A,null
10,127,3291,CM SUBA-PUNTO AGIL,CRA 92 # 151-01 L 1-201-202,N/A,0,2,4.738707,-74.086427,2020-06-15T04:51:26.214Z,0001-01-01T04:51:26.214Z,0,0,0,0,0,0,1,604,N/A,N/A,N/A,null
10,128,3292,CM TIERRAGRATA-PUNTO AGIL,CALLE 70 # 101 - 21,N/A,0,2,4.701222,-74.119948,2020-06-15T04:51:26.214Z,0001-01-01T04:51:26.214Z,0,0,0,0,0,0,1,604,N/A,N/A,N/A,null
10,129,3293,CSC SANTA LIBRADA-PUNTO AGIL,AV CARRERA 1 # 76A 04 SUR,N/A,0,2,4.512428,-74.114976,2020-06-15T04:51:26.214Z,0001-01-01T04:51:26.214Z,0,0,0,0,0,0,1,604,N/A,N/A,N/A,null
10,130,3294,SUPERMERCADO SOACHA-PUNTO AGIL,CRA 7 # 12-56 SOACHA,N/A,0,2,4.581506,-74.219739,2020-06-15T04:51:26.214Z,0001-01-01T04:51:26.214Z,0,0,0,0,0,0,1,604,N/A,N/A,N/A,null
10,131,3295,DROGUERIA MERCURIO-PUNTO AGIL,CRA 7 N 32-35 SOACHA CC MERCURIO LC 117,N/A,0,2,4.588433,-74.20422,2020-06-15T04:51:26.214Z,0001-01-01T04:51:26.214Z,0,0,0,0,0,0,1,604,N/A,N/A,N/A,null
10,132,3296,SUPERMERCADO SANTA ISABEL-PUNTO AGIL,CALLE 1C BIS# 27-08 SUR,N/A,0,2,4.598482,-74.100433,2020-06-15T04:51:26.214Z,0001-01-01T04:51:26.214Z,0,0,0,0,0,0,1,604,N/A,N/A,N/A,null
10,133,3297,SUPERMERCDO ROMA-PUNTO AGIL,CRA. 86 # 53-10 SUR,N/A,0,2,4.615386,-74.172985,2020-06-15T04:51:26.214Z,0001-01-01T04:51:26.214Z,0,0,0,0,0,0,1,604,N/A,N/A,N/A,null
10,134,3298,SUPERMERCADO CHICALÁ-PUNTO AGIL,CALLE 53 SUR NO 95A-21,N/A,0,2,4.62365,-74.179073,2020-06-15T04:51:26.214Z,0001-01-01T04:51:26.214Z,0,0,0,0,0,0,1,604,N/A,N/A,N/A,null
10,135,3299,SUPERMERCADO PORTAL NORTE-PUNTO AGIL,AVDA. 13 # 177-57,N/A,0,2,4.757181,-74.046126,2020-06-15T04:51:26.214Z,0001-01-01T04:51:26.214Z,0,0,0,0,0,0,1,604,N/A,N/A,N/A,null
10,136,3302,SUPERMERCADO 20 DE JULIO-PUNTO AGIL,Calle   27  No.  5 – 74  Sur,N/A,0,2,4.569062,-74.094418,2020-06-15T04:51:26.214Z,0001-01-01T04:51:26.214Z,0,0,0,0,0,0,1,604,N/A,N/A,N/A,null
10,137,3303,SUPERMERCADO FONTIBON-PUNTO AGIL,CALLE 17 # 114 -12 CTRO CCIAL VILLA NUEVA,N/A,0,2,4.682212,-74.154235,2020-06-15T04:51:26.214Z,0001-01-01T04:51:26.214Z,0,0,0,0,0,0,1,604,N/A,N/A,N/A,null
10,138,3304,SUPERMERCADO PRIMERO DE MAYO-PUNTO AGIL,DIAG. 30 SUR N 79-41,N/A,0,2,4.615104,-74.161224,2020-06-15T04:51:26.214Z,0001-01-01T04:51:26.214Z,0,0,0,0,0,0,1,604,N/A,N/A,N/A,null
10,139,3305,TIENDA ESPECTADOR-PUNTO AGIL,Avenida  68  No.  16 - 55,N/A,0,2,4.639835,-74.116058,2020-06-15T04:51:26.214Z,0001-01-01T04:51:26.214Z,0,0,0,0,0,0,1,604,N/A,N/A,N/A,null
10,140,3306,FARMACIA VENECIA-PUNTO AGIL,CRA. 51 # 47A-16 SUR,N/A,0,2,4.592337,-74.138191,2020-06-15T04:51:26.214Z,0001-01-01T04:51:26.214Z,0,0,0,0,0,0,1,604,N/A,N/A,N/A,null
10,141,3307,DROGUERIA TUNAL-PUNTO AGIL,CTRO. CCIAL CIUDAD TUNAL LOCAL 2120,N/A,0,2,4.578395,-74.13115,2020-06-15T04:51:26.214Z,0001-01-01T04:51:26.214Z,0,0,0,0,0,0,1,604,N/A,N/A,N/A,null
10,142,3308,DROGUERIA PLAZOLETA EL ROSARIO-PUNTO AGIL,CRA 6A # 14-60,N/A,0,2,4.60093,-74.072543,2020-06-15T04:51:26.214Z,0001-01-01T04:51:26.214Z,0,0,0,0,0,0,1,604,N/A,N/A,N/A,null
10,143,3309,SUPERMERCADO TIERRA GRATA-PUNTO AGIL,CALLE 70 # 101 - 21,N/A,0,2,4.701222,-74.119948,2020-06-15T04:51:26.214Z,0001-01-01T04:51:26.214Z,0,0,0,0,0,0,1,604,N/A,N/A,N/A,null
10,144,3310,SUPERMERCADO TIBABUYES-PUNTO AGIL,CRA 136 # 131B - 05,N/A,0,2,4.741799,-74.116069,2020-06-15T04:51:26.214Z,0001-01-01T04:51:26.214Z,0,0,0,0,0,0,1,604,N/A,N/A,N/A,null
10,145,3311,CSC CALLE 63-PUNTO AGIL,Carrera   24  No .62- 50  Piso  1 Of. 101,N/A,0,2,4.650688,-74.072202,2020-06-15T04:51:26.214Z,0001-01-01T04:51:26.214Z,0,0,0,0,0,0,1,604,N/A,N/A,N/A,null
10,146,3312,FARMACIA FERIAS-PUNTO AGIL,AV CALLE 72 # 69 K 06,N/A,0,2,4.683229,-74.09059,2020-06-15T04:51:26.214Z,0001-01-01T04:51:26.214Z,0,0,0,0,0,0,1,604,N/A,N/A,N/A,null
10,147,3313,SUPERMERCADO SUBAZAR-PUNTO AGIL,CALLE 140 # 91-34 LOC. 5,N/A,0,2,4.738888,-74.085233,2020-06-15T04:51:26.214Z,0001-01-01T04:51:26.214Z,0,0,0,0,0,0,1,604,N/A,N/A,N/A,null
10,148,3314,FARMACIA ZIPAQUIRA-PUNTO AGIL,CR.  8  NO. 6 - 55,N/A,1,2,5.024835,-74.002747,2020-06-15T04:51:26.214Z,0001-01-01T04:51:26.214Z,0,0,0,0,0,0,1,186,N/A,N/A,N/A,null
10,149,3315,DROGUERIA CALLE 100-PUNTO AGIL,CLL 100 #19A-50,N/A,0,2,4.68643,-74.053638,2020-06-15T04:51:26.214Z,0001-01-01T04:51:26.214Z,0,0,0,0,0,0,1,604,N/A,N/A,N/A,null
10,150,3316,FARMACIA CENTRO LAS NIEVES-PUNTO AGIL,CRA 7 # 21-52,N/A,0,2,4.607531,-74.070864,2020-06-15T04:51:26.214Z,0001-01-01T04:51:26.214Z,0,0,0,0,0,0,1,604,N/A,N/A,N/A,null
10,151,3317,SUPERMERCADO UNICENTRO OCC-PUNTO AGIL,CRA. 111C # 84-76,N/A,0,2,4.72272,-74.113554,2020-06-15T04:51:26.214Z,0001-01-01T04:51:26.214Z,0,0,0,0,0,0,1,604,N/A,N/A,N/A,null
10,152,3321,CM PLAZA CENTRAL-PUNTO AGIL,CARRERA 65 # 11- 50,N/A,0,2,4.632056,-74.11534,2020-06-15T04:51:26.214Z,0001-01-01T04:51:26.214Z,0,0,0,0,0,0,1,604,N/A,N/A,N/A,null
10,153,3326,CSC TERREROS-PUNTO AGIL,TERREROS SOACHA,N/A,0,2,4.589077,-74.195469,2020-06-15T04:51:26.214Z,0001-01-01T04:51:26.214Z,0,0,0,0,0,0,1,543,N/A,N/A,N/A,null
10,154,3401,CM PORVENIR-PUNTO AGIL,Calle 54 F Sur No. 93 C 18 Local 2-51,N/A,0,2,4.637281,-74.18813,2020-06-15T04:51:26.214Z,0001-01-01T04:51:26.214Z,0,0,0,0,0,0,1,604,N/A,N/A,N/A,null
10,155,3501,CM PORTAL NORTE-PUNTO AGIL,AVDA. 13 # 177-57,N/A,0,2,4.757181,-74.046126,2020-06-15T04:51:26.214Z,0001-01-01T04:51:26.214Z,0,0,0,0,0,0,1,604,N/A,N/A,N/A,null
10,156,4811,CM RESTREPO-PUNTO AGIL,Calle 19 Sur  No. 21 - 32   Piso  2  Of. 1,N/A,0,2,4.586133,-74.103487,2020-06-15T04:51:26.214Z,0001-01-01T04:51:26.214Z,0,0,0,0,0,0,1,604,N/A,N/A,N/A,null
10,157,6311,CM  CALLE  63 III-PUNTO AGIL,Carrera 24  No. 62 - 50  ,N/A,0,2,4.650688,-74.072202,2020-06-15T04:51:26.214Z,0001-01-01T04:51:26.214Z,0,0,0,0,0,0,1,604,N/A,N/A,N/A,null
10,158,6312,CM  CALLE  63 IV-PUNTO AGIL,Carrera 24  No. 62 - 50  piso 3,N/A,0,2,4.650688,-74.072202,2020-06-15T04:51:26.214Z,0001-01-01T04:51:26.214Z,0,0,0,0,0,0,1,604,N/A,N/A,N/A,null
10,159,6701,CLINICA  CALLE 67 I-PUNTO AGIL,CALLE 67 # 10-67,N/A,0,2,4.652654,-74.061326,2020-06-15T04:51:26.214Z,0001-01-01T04:51:26.214Z,0,0,0,0,0,0,1,604,N/A,N/A,N/A,null
10,160,6702,CLINICA  CALLE 67 II-PUNTO AGIL,CALLE 67 # 10-67,N/A,0,2,4.652654,-74.061326,2020-06-15T04:51:26.214Z,0001-01-01T04:51:26.214Z,0,0,0,0,0,0,1,604,N/A,N/A,N/A,null
10,161,6703,CLINICA  CALLE 67 III-PUNTO AGIL,CALLE 67 # 10-67,N/A,0,2,4.652654,-74.061326,2020-06-15T04:51:26.214Z,0001-01-01T04:51:26.214Z,0,0,0,0,0,0,1,604,N/A,N/A,N/A,null
10,162,3342,UNICENTRO-PUNTO AGIL,AV CALLE 145 #103B-65 LOCAL 106  OF 1,N/A,0,2,0,0,2020-06-15T04:51:26.214Z,0001-01-01T04:51:26.214Z,0,0,0,0,0,0,1,604,N/A,N/A,N/A,null
10,163,2301,CDS CIUDADELA,CR 111 C No. 86-74 Local 1-33,N/A,0,1,0,0,2020-06-15T04:51:26.214Z,0001-01-01T04:51:26.214Z,1,0,0,0,1,0,1,604,N/A,N/A,N/A,null
10,164,3255,CDS CTRO MAYOR,CC Centro Mayor Local LM07 Y LM07A. CL 38 A Sur No. 34D-50,N/A,0,1,0,0,2020-06-15T04:51:26.214Z,0001-01-01T04:51:26.214Z,1,0,0,0,1,0,1,604,N/A,N/A,N/A,null
10,165,3257,CDS CENTRO SUBA,CL 145 N° 103 B - 69 Local 106 CC Al Paso,N/A,0,1,0,0,2020-06-15T04:51:26.214Z,0001-01-01T04:51:26.214Z,1,0,0,0,1,0,1,604,N/A,N/A,N/A,null
10,166,3260,CDS PUENTE ARANDA,AV CL 13 N° 65 - 21 Local 321 CC Zona IN,N/A,0,1,0,0,2020-06-15T04:51:26.214Z,0001-01-01T04:51:26.214Z,1,0,0,0,1,0,1,604,N/A,N/A,N/A,null
10,167,3272,CDS AVENIDA CHILE,CR 11 N° 73 - 40,N/A,0,1,0,0,2020-06-15T04:51:26.214Z,0001-01-01T04:51:26.214Z,1,0,0,0,1,0,1,604,N/A,N/A,N/A,null
10,168,3275,CDS TINTAL,CR 86N° 6-37 Piso 2 Local 285 CC Tintal plaza,N/A,0,1,0,0,2020-06-15T04:51:26.214Z,0001-01-01T04:51:26.214Z,1,0,0,0,1,0,1,604,N/A,N/A,N/A,null
10,169,3320,CM PLAZA CENTRAL,CR 65 # 11- 50 LO 2 - 41,N/A,0,1,0,0,2020-06-15T04:51:26.214Z,0001-01-01T04:51:26.214Z,1,0,0,0,1,0,1,604,N/A,N/A,N/A,null
10,170,27,CM PUNTO SALUD SUBAFIESTA,CL 157 # 101 56 LC 324 - 325 CC FIESTA SUBA,N/A,0,1,0,0,2020-06-15T04:51:26.214Z,0001-01-01T04:51:26.214Z,1,0,0,0,1,0,1,604,N/A,N/A,N/A,null
10,171,3361,CM SURA  CASTELLANA,CR 49 # 98-20,N/A,0,1,0,0,2020-06-15T04:51:26.214Z,0001-01-01T04:51:26.214Z,1,0,0,0,1,0,1,604,N/A,N/A,N/A,null
10,172,3327,CDS TERREROS,CC VENTURA TERREROS CR 1No 38-53,N/A,0,1,0,0,2020-06-15T04:51:26.214Z,0001-01-01T04:51:26.214Z,1,0,1,0,0,0,1,604,N/A,N/A,N/A,null
10,173,3337,CM  COLSUBSIDIO VENTURA-TERREROS,"CR 1 # 38 53 LC 2-22, AL 2-25, 2-25A y 2-25B CC VENTURA TERREROS",N/A,0,1,0,0,2020-06-15T04:51:26.214Z,0001-01-01T04:51:26.214Z,1,0,1,0,0,0,1,604,N/A,N/A,N/A,null
1,51,337,Parque Principal Chia,Cra. 11 #11-89 a 11-11,N/A,0,1,4.861453,-74.060681,2020-06-15T04:51:26.214Z,0001-01-01T04:51:26.214Z,0,0,0,0,0,0,1,856,N/A,N/A,N/A,null
11,3,3,Fondo En Transito CE Colcard CTG,Avenida Crisanto Luque Diag. 22C # 42 - 44 Barrio El Bosque,N/A,0,1,"10,402787","-75,519555",2020-06-15T04:51:26.214Z,0001-01-01T04:51:26.214Z,0,0,0,0,0,1,3,605,N/A,N/A,N/A,null
11,51,51,BAZURTO 1,ESTACION TRANSCARIBE BAZURTO 1,N/A,0,1,10.41381,-75.524026,2020-06-15T04:51:26.214Z,0001-01-01T04:51:26.214Z,0,0,0,0,0,0,3,605,N/A,N/A,N/A,null
11,52,52,BAZURTO 2,ESTACION TRANSCARIBE BAZURTO 2,N/A,0,1,10.41381,-75.524026,2020-06-15T04:51:26.214Z,0001-01-01T04:51:26.214Z,0,0,0,0,0,0,3,605,N/A,N/A,N/A,null
11,53,53,CASTELLANA 1,ESTACION TRANSCARIBE CASTELLANA 1,N/A,0,1,10.394488,-75.486651,2020-06-15T04:51:26.214Z,0001-01-01T04:51:26.214Z,0,0,0,0,0,0,3,605,N/A,N/A,N/A,null
11,54,54,CASTELLANA 2,ESTACION TRANSCARIBE CASTELLANA 2,N/A,0,1,10.394488,-75.486651,2020-06-15T04:51:26.214Z,0001-01-01T04:51:26.214Z,0,0,0,0,0,0,3,605,N/A,N/A,N/A,null
11,55,55,CENTRO 1,ESTACION TRANSCARIBE CENTRO 1,N/A,0,1,10.425386,-75.546233,2020-06-15T04:51:26.214Z,0001-01-01T04:51:26.214Z,0,0,0,0,0,0,3,605,N/A,N/A,N/A,null
11,56,56,CENTRO 2,ESTACION TRANSCARIBE CENTRO 2,N/A,0,1,10.425033,-75.546705,2020-06-15T04:51:26.214Z,0001-01-01T04:51:26.214Z,0,0,0,0,0,0,3,605,N/A,N/A,N/A,null
11,57,57,CHAMBACU,ESTACION TRANSCARIBE CHAMBACU,N/A,0,1,10.425779,-75.540145,2020-06-15T04:51:26.214Z,0001-01-01T04:51:26.214Z,0,0,0,0,0,0,3,605,N/A,N/A,N/A,null
11,58,58,CUATRO VIENTOS,ESTACION TRANSCARIBE CUATRO VIENTOS,N/A,0,1,10.406676,-75.502289,2020-06-15T04:51:26.214Z,0001-01-01T04:51:26.214Z,0,0,0,0,0,0,3,605,N/A,N/A,N/A,null
11,59,59,ESPAÑA,ESTACION TRANSCARIBE ESPAÑA,N/A,0,1,10.408336,-75.512968,2020-06-15T04:51:26.214Z,0001-01-01T04:51:26.214Z,0,0,0,0,0,0,3,605,N/A,N/A,N/A,null
11,60,60,LA BODEGUITA 1,ESTACION TRANSCARIBE LA BODEGUITA 1,N/A,0,1,10.420296,-75.551237,2020-06-15T04:51:26.214Z,0001-01-01T04:51:26.214Z,0,0,0,0,0,0,3,605,N/A,N/A,N/A,null
11,61,61,LA BODEGUITA 2,ESTACION TRANSCARIBE LA BODEGUITA 2,N/A,0,1,10.420296,-75.551237,2020-06-15T04:51:26.214Z,0001-01-01T04:51:26.214Z,0,0,0,0,0,0,3,605,N/A,N/A,N/A,null
11,62,62,LA POPA,ESTACION TRANSCARIBE LA POPA,N/A,0,1,10.420612,-75.531064,2020-06-15T04:51:26.214Z,0001-01-01T04:51:26.214Z,0,0,0,0,0,0,3,605,N/A,N/A,N/A,null
11,63,63,LAS DELICIAS,ESTACION TRANSCARIBE LAS DELICIAS,N/A,0,1,10.416576,-75.52791,2020-06-15T04:51:26.214Z,0001-01-01T04:51:26.214Z,0,0,0,0,0,0,3,605,N/A,N/A,N/A,null
11,64,64,LO AMADOR,ESTACION TRANSCARIBE LO AMADOR,N/A,0,1,10.425787,-75.534376,2020-06-15T04:51:26.214Z,0001-01-01T04:51:26.214Z,0,0,0,0,0,0,3,605,N/A,N/A,N/A,null
11,65,65,LOS ANGELES,ESTACION TRANSCARIBE LOS ANGELES,N/A,0,1,10.395135,-75.490359,2020-06-15T04:51:26.214Z,0001-01-01T04:51:26.214Z,0,0,0,0,0,0,3,605,N/A,N/A,N/A,null
11,66,66,LOS EJECUTIVOS,ESTACION TRANSCARIBE LOS EJECUTIVOS,N/A,0,1,10.399402,-75.493619,2020-06-15T04:51:26.214Z,0001-01-01T04:51:26.214Z,0,0,0,0,0,0,3,605,N/A,N/A,N/A,null
11,67,67,MADRE BERNARDA 1,ESTACION TRANSCARIBE MADRE BERNARDA 1,N/A,0,1,10.395449,-75.477874,2020-06-15T04:51:26.214Z,0001-01-01T04:51:26.214Z,0,0,0,0,0,0,3,605,N/A,N/A,N/A,null
11,68,68,MADRE BERNARDA 2,ESTACION TRANSCARIBE MADRE BERNARDA 2,N/A,0,1,10.395449,-75.477874,2020-06-15T04:51:26.214Z,0001-01-01T04:51:26.214Z,0,0,0,0,0,0,3,605,N/A,N/A,N/A,null
11,69,69,MARIA AUXILIADORA,ESTACION TRANSCARIBE MARIA AUXILIADORA,N/A,0,1,10.409007,-75.515827,2020-06-15T04:51:26.214Z,0001-01-01T04:51:26.214Z,0,0,0,0,0,0,3,605,N/A,N/A,N/A,null
11,70,70,PATIO PORTAL,ESTACION TRANSCARIBE PATIO PORTAL,N/A,0,1,10.396741,-75.472194,2020-06-15T04:51:26.214Z,0001-01-01T04:51:26.214Z,0,0,0,0,0,0,3,605,N/A,N/A,N/A,null
11,71,71,PRADO,ESTACION TRANSCARIBE PRADO,N/A,0,1,10.411154,-75.519529,2020-06-15T04:51:26.214Z,0001-01-01T04:51:26.214Z,0,0,0,0,0,0,3,605,N/A,N/A,N/A,null
11,72,72,REPUBLICA DEL LIBANO,ESTACION TRANSCARIBE REPUBLICA DEL LIBANO,N/A,0,1,10.407363,-75.507485,2020-06-15T04:51:26.214Z,0001-01-01T04:51:26.214Z,0,0,0,0,0,0,3,605,N/A,N/A,N/A,null
11,73,73,VILLA OLIMPICA,ESTACION TRANSCARIBE VILLA OLIMPICA,N/A,0,1,10.40376,-75.497399,2020-06-15T04:51:26.214Z,0001-01-01T04:51:26.214Z,0,0,0,0,0,0,3,605,N/A,N/A,N/A,null
12,51,51,Oficina Prueba Bogota,Dirección Cliente Prueba,N/A,0,1,4.652654,-74.061326,2020-06-15T04:51:26.214Z,0001-01-01T04:51:26.214Z,0,0,0,0,0,0,1,604,N/A,N/A,N/A,null
13,1,1,Fondo CE Banco Prueba BOG,Calle 98A No.69B - 65 ,N/A,0,1,4.652654,-74.061326,2020-06-15T04:51:26.214Z,0001-01-01T04:51:26.214Z,0,0,0,0,0,1,1,604,N/A,N/A,N/A,null
1,31,31,Fondo USD CE Bancolombia BOG,Calle 98A No.69B - 65 ,N/A,0,1,4.692085,-74.07601,2020-06-15T04:51:26.214Z,0001-01-01T04:51:26.214Z,0,0,0,0,0,1,1,604,N/A,N/A,N/A,null
1,41,41,Banco Republica -Oficina Canje Bancolombia BOG,N/A,N/A,0,1,0,0,2020-06-15T04:51:26.214Z,0001-01-01T04:51:26.214Z,0,0,0,0,0,0,1,604,N/A,N/A,N/A,null
10,174,1339,Colsubsidio Av. Boyaca,N/A,N/A,0,1,0,0,2020-06-15T04:51:26.214Z,0001-01-01T04:51:26.214Z,1,0,0,0,1,0,1,604,N/A,N/A,N/A,null
10,175,3330,CSC TERREROS ll,N/A,N/A,0,1,0,0,2020-06-15T04:51:26.214Z,0001-01-01T04:51:26.214Z,1,0,0,0,1,0,1,604,N/A,N/A,N/A,null
10,176,3372,Antojos El Tiempo,N/A,N/A,0,1,0,0,2020-06-15T04:51:26.214Z,0001-01-01T04:51:26.214Z,1,0,0,0,1,0,1,604,N/A,N/A,N/A,null
10,177,1722,DROGUERIA AV CRA 14,N/A,N/A,0,1,0,0,2020-06-15T04:51:26.214Z,0001-01-01T04:51:26.214Z,1,0,0,0,1,0,1,604,N/A,N/A,N/A,null
10,178,1542,DROGUERIAS COLSUBSIDIO CHAPINERO,N/A,N/A,0,1,0,0,2020-06-15T04:51:26.214Z,0001-01-01T04:51:26.214Z,1,0,0,0,1,0,1,604,N/A,N/A,N/A,null
10,179,1729,DROGUERIA USAQUEN,N/A,N/A,0,1,0,0,2020-06-15T04:51:26.214Z,0001-01-01T04:51:26.214Z,1,0,0,0,1,0,1,604,N/A,N/A,N/A,null
10,180,3392,CAFÉ EXPRESS TACTICA,N/A,N/A,0,1,0,0,2020-06-15T04:51:26.214Z,0001-01-01T04:51:26.214Z,1,0,0,0,1,0,1,604,N/A,N/A,N/A,null
10,181,1575,DROGUERIA VANGUARDIA,N/A,N/A,0,1,0,0,2020-06-15T04:51:26.214Z,0001-01-01T04:51:26.214Z,1,0,0,0,1,0,1,604,N/A,N/A,N/A,null
10,182,319,CM Consubs CC Ventura Terreros,N/A,N/A,0,1,0,0,2020-06-15T04:51:26.214Z,0001-01-01T04:51:26.214Z,1,0,0,0,1,0,1,604,N/A,N/A,N/A,null
10,183,1611,Minimercado CC Calima,N/A,N/A,0,1,0,0,2020-06-15T04:51:26.214Z,0001-01-01T04:51:26.214Z,1,0,0,0,1,0,1,604,N/A,N/A,N/A,null
1,40,40,Traslado Prosegur,Transportadora de Valores,N/A,0,1,0,0,2020-06-15T04:51:26.214Z,0001-01-01T04:51:26.214Z,0,0,0,0,0,0,1,604,N/A,N/A,N/A,null
1,42,42,Traslado Brinks,Transportadora de Valores,N/A,0,1,0,0,2020-06-15T04:51:26.214Z,0001-01-01T04:51:26.214Z,0,0,0,0,0,0,1,604,N/A,N/A,N/A,null
1,43,43,Traslado Atlas,Transportadora de Valores,N/A,0,1,0,0,2020-06-15T04:51:26.214Z,0001-01-01T04:51:26.214Z,0,0,0,0,0,0,1,604,N/A,N/A,N/A,null
1,44,44,Traslado TransBank,Transportadora de Valores,N/A,0,1,0,0,2020-06-15T04:51:26.214Z,0001-01-01T04:51:26.214Z,0,0,0,0,0,0,1,604,N/A,N/A,N/A,null
10,184,1852,SF INTEGRACION CARTAGENA,Cl 30 #17-140 cc portal san felipe,N/A,0,1,0,0,2020-06-15T04:51:26.214Z,0001-01-01T04:51:26.214Z,1,0,0,0,1,0,3,605,N/A,N/A,N/A,null
10,185,1728,DROGUERIA SAN MARTIN,Edif. CRistoforo Colomboc Av San Martin con CL 10 Loc 5,N/A,0,1,0,0,2020-06-15T04:51:26.214Z,0001-01-01T04:51:26.214Z,1,0,0,0,1,0,3,605,N/A,N/A,N/A,null
10,186,1618,DROGUERIA PLAZA CIBELES,CR 3 No. 4-21 - Local No. 2 - Sector Boca Grande,N/A,0,1,0,0,2020-06-15T04:51:26.214Z,0001-01-01T04:51:26.214Z,1,0,0,0,1,0,3,605,N/A,N/A,N/A,null
10,187,1710,DROGUERIA NAO FUN SHOPPIN,CL 5 No. 1-00 local 21 Bocagrande ,N/A,0,1,0,0,2020-06-15T04:51:26.214Z,0001-01-01T04:51:26.214Z,1,0,0,0,1,0,3,605,N/A,N/A,N/A,null
10,188,1641,DROGUERIA CC SAN FERNANDO,"Centro Comercial San Fernando Locales 109-110, CL 31 No. 83 B - 104 Barrio La Ternera",N/A,0,1,0,0,2020-06-15T04:51:26.214Z,0001-01-01T04:51:26.214Z,1,0,0,0,1,0,3,605,N/A,N/A,N/A,null
10,189,1610,DROGUERIA CC MOLL,AV PEDRO HEREDIA # 31-45 LOCAL BS 106-107-108,N/A,0,1,0,0,2020-06-15T04:51:26.214Z,0001-01-01T04:51:26.214Z,1,0,0,0,1,0,3,605,N/A,N/A,N/A,null
10,190,1712,DROGUERIA CABRERO PLAZA           ,CL 40 N° 41-41 local 1   AV Santander CC,N/A,0,1,0,0,2020-06-15T04:51:26.214Z,0001-01-01T04:51:26.214Z,1,0,0,0,1,0,3,605,N/A,N/A,N/A,null
10,191,1598,DROGUERIA  CARIBE PLAZA  CENTRO CIAL.,AV El Lago CR 22 N° 22 - 108  Local 280  Centro Cial. Caribe Plaza,N/A,0,1,0,0,2020-06-15T04:51:26.214Z,0001-01-01T04:51:26.214Z,1,0,0,0,1,0,3,605,N/A,N/A,N/A,null
10,192,1865,DRG SERREZUELA - CARTAGENA,CARRERA 11 No 39-21    ,N/A,0,1,0,0,2020-06-15T04:51:26.214Z,0001-01-01T04:51:26.214Z,1,0,0,0,1,0,3,605,N/A,N/A,N/A,null
10,3,3,Fondo CE Colsubsidio CTG,Avenida Crisanto Luque Diag. 22C # 42 - 44 Barrio El Bosque,N/A,0,1,0,0,2020-06-15T04:51:26.214Z,0001-01-01T04:51:26.214Z,0,0,0,0,0,1,3,605,N/A,N/A,N/A,null